CustomerID,Recency,Frequency,Monetary,FutureRevenue
12346.0,143,1,77183.6,0.0
12347.0,64,3,1823.43,2486.57
12348.0,66,3,1487.24,310.0
12350.0,127,1,334.4,0.0
12352.0,79,5,1561.81,944.23
12353.0,21,1,89.0,0.0
12354.0,49,1,1079.4,0.0
12355.0,31,1,459.4,0.0
12356.0,63,2,2753.08,58.349999999999994
12359.0,7,3,3495.73,2876.85
12360.0,18,1,1083.58,1578.48
12361.0,104,1,189.9,0.0
12362.0,43,2,974.34,4251.89
12363.0,59,1,299.1,252.9
12365.0,108,2,641.38,0.0
12370.0,92,3,2806.41,739.28
12372.0,30,2,914.9200000000001,383.12
12373.0,128,1,364.6,0.0
12377.0,132,2,1628.12,0.0
12380.0,3,1,607.5500000000001,2117.26
12383.0,2,5,1850.56,0.0
12386.0,155,2,401.9,0.0
12388.0,92,3,766.25,2014.41
12393.0,63,3,1061.1000000000001,521.5
12394.0,34,1,381.08,891.4
12395.0,29,6,1569.72,1448.91
12399.0,31,2,768.95,339.7
12401.0,120,1,84.3,0.0
12402.0,140,1,225.6,0.0
12406.0,1,1,1621.25,1794.05
12407.0,53,2,495.96,1212.16
12408.0,77,2,837.59,2050.96
12410.0,126,2,693.3299999999999,0.0
12413.0,53,2,563.9,194.20000000000002
12414.0,34,3,562.41,0.0
12415.0,20,7,50883.9,74030.63
12417.0,4,5,1898.27,1750.83
12421.0,136,1,157.45,649.59
12422.0,142,1,238.5,565.0600000000001
12423.0,9,6,1451.69,407.62
12426.0,12,1,582.73,0.0
12427.0,189,1,303.5,522.3
12428.0,60,6,6310.54,1645.92
12429.0,45,2,1719.48,2030.92
12431.0,18,7,3158.53,3328.92
12433.0,183,2,3787.12,9588.75
12434.0,77,1,286.25,519.89
12435.0,85,1,3978.9900000000002,3850.9
12437.0,16,8,1975.09,2976.32
12441.0,184,1,173.55,0.0
12447.0,60,1,476.49,0.0
12449.0,4,1,858.9300000000001,3208.36
12451.0,35,2,5307.82,3727.7
12455.0,7,3,1963.3,503.56
12456.0,72,1,940.1700000000001,2240.87
12457.0,51,3,1067.25,1295.98
12458.0,102,1,441.92,505.48
12462.0,120,1,762.11,427.48
12463.0,24,2,647.95,696.83
12464.0,18,4,544.8499999999999,667.1999999999999
12468.0,5,2,729.5400000000001,0.0
12471.0,28,13,8397.32,11426.73
12472.0,85,3,3048.84,3523.27
12473.0,9,1,672.1899999999999,3266.36
12474.0,18,8,2719.13,4656.66
12476.0,35,5,2445.1,4371.32
12477.0,56,2,4576.97,8642.77
12480.0,84,2,1587.27,1694.36
12481.0,22,7,3100.55,2495.77
12483.0,1,5,1314.6100000000001,1170.3700000000001
12484.0,153,1,1138.67,3403.05
12489.0,153,1,334.93,0.0
12490.0,32,2,1195.72,4222.21
12493.0,14,1,232.5,201.24
12494.0,13,4,715.64,530.46
12500.0,84,4,1210.2,3047.62
12501.0,154,1,2169.39,0.0
12502.0,35,3,1842.65,1881.22
12506.0,50,1,73.5,0.0
12507.0,116,1,446.16,858.65
12509.0,101,1,176.5,0.0
12510.0,142,1,681.05,301.52
12514.0,84,1,1017.68,0.0
12515.0,170,1,383.7,0.0
12517.0,7,1,766.95,1735.89
12520.0,22,3,1697.56,936.7
12523.0,70,4,500.19,1289.58
12524.0,22,5,2833.38,1652.3400000000001
12527.0,112,2,284.92,63.790000000000006
12528.0,94,2,771.66,1161.82
12530.0,51,2,805.0,857.28
12535.0,4,1,371.45,344.9
12539.0,79,3,4517.69,1050.66
12540.0,3,7,6502.5199999999995,6897.72
12541.0,98,1,312.4,668.78
12545.0,77,1,628.15,372.24
12547.0,15,2,207.79999999999998,0.0
12551.0,175,1,168.0,0.0
12553.0,22,5,1734.62,1957.66
12557.0,73,3,4854.62,7136.34
12559.0,128,2,561.71,0.0
12561.0,120,1,238.85,0.0
12562.0,16,1,444.96000000000004,3336.78
12564.0,78,1,456.9,0.0
12565.0,106,1,145.92,0.0
12567.0,2,6,4457.0,4944.28
12569.0,1,6,1306.46,2818.23
12573.0,44,1,160.54000000000002,0.0
12574.0,133,1,218.45,0.0
12576.0,35,2,421.65,894.18
12577.0,176,1,195.89,461.91
12578.0,147,1,1608.66,1185.85
12580.0,64,1,415.7,0.0
12582.0,56,2,511.36,0.0
12583.0,18,5,3042.39,4238.99
12584.0,2,2,622.74,1715.41
12585.0,51,2,2040.1,0.0
12590.0,28,2,9864.26,0.0
12591.0,134,1,452.84999999999997,0.0
12592.0,30,1,231.8,205.8
12593.0,36,1,236.0,182.1
12594.0,1,7,1807.95,1530.27
12596.0,59,1,269.95,348.32
12597.0,85,1,516.15,3295.07
12598.0,38,3,1285.74,1737.34
12599.0,25,3,463.86,568.72
12600.0,21,6,1315.96,1283.08
12601.0,7,5,577.0600000000001,0.0
12604.0,79,1,178.5,75.68
12609.0,3,2,800.73,326.12
12613.0,15,4,1462.52,1881.8600000000001
12614.0,95,1,315.6,0.0
12616.0,114,1,255.6,457.7
12619.0,51,2,631.66,3009.58
12620.0,22,1,561.66,777.75
12621.0,17,10,7355.82,6333.85
12622.0,49,1,180.1,0.0
12623.0,93,1,305.1,0.0
12625.0,29,2,2683.82,0.0
12626.0,133,2,1274.1,5346.38
12633.0,14,2,1729.55,434.43
12637.0,56,4,2391.75,3630.15
12639.0,56,1,486.1,0.0
12643.0,38,3,1411.9199999999998,1932.72
12645.0,37,2,798.9,976.28
12647.0,17,7,2302.31,1420.51
12649.0,29,1,375.0,248.51000000000002
12651.0,152,1,114.0,0.0
12652.0,148,1,919.98,0.0
12653.0,114,1,779.1,1430.75
12654.0,15,3,337.75,264.23
12656.0,21,2,1659.6,2391.57
12662.0,4,5,1838.08,2011.7
12664.0,49,2,1303.5800000000002,3578.3
12665.0,142,1,63.0,0.0
12668.0,76,3,2924.4700000000003,882.6800000000001
12669.0,66,2,2272.6,471.43
12670.0,17,2,1026.3899999999999,1969.66
12672.0,147,1,225.89999999999998,0.0
12673.0,144,1,220.9,389.62
12674.0,25,1,586.74,1383.8600000000001
12676.0,7,3,828.95,502.44
12678.0,5,6,5891.36,11737.1
12679.0,23,2,906.38,206.64000000000001
12681.0,4,13,8754.84,5032.7
12682.0,9,11,5277.29,7010.93
12683.0,2,10,5086.93,3389.64
12684.0,14,3,917.1,1366.53
12686.0,189,1,89.14,0.0
12690.0,23,1,389.01,0.0
12691.0,135,3,406.2,629.6
12693.0,29,3,630.77,225.14000000000001
12695.0,27,1,89.25,492.85
12700.0,32,1,1092.43,3847.56
12701.0,59,1,337.08,460.63
12705.0,18,3,3164.1,3704.19
12707.0,109,1,603.42,0.0
12708.0,18,5,1338.17,1374.74
12709.0,8,8,5153.13,4583.39
12710.0,18,1,718.96,430.06
12712.0,17,8,2267.48,2128.65
12714.0,24,2,1761.92,2946.94
12717.0,63,1,609.74,421.24
12720.0,9,10,2341.77,3439.96
12721.0,63,3,1107.82,1548.31
12724.0,149,1,154.9,876.51
12725.0,188,1,427.8,0.0
12726.0,2,5,1467.32,1141.78
12727.0,4,5,2800.4,1180.3
12728.0,74,3,617.31,219.01999999999998
12731.0,29,6,8230.09,10665.82
12733.0,51,1,383.95,0.0
12734.0,170,1,110.39999999999999,0.0
12735.0,132,2,779.5699999999999,0.0
12736.0,150,1,234.0,0.0
12738.0,189,1,155.35,0.0
12744.0,66,4,10262.65,11016.64
12747.0,16,6,2091.4,2104.61
12748.0,1,91,10014.5,23705.23
12749.0,30,1,859.1,3231.78
12753.0,65,4,12940.51,8488.88
12754.0,53,3,3010.74,0.0
12755.0,98,2,3811.95,0.0
12757.0,2,6,4445.43,3411.67
12758.0,94,1,1570.19,1221.4
12759.0,93,1,444.8,1086.64
12763.0,186,1,320.08,174.0
12764.0,134,1,1693.88,0.0
12766.0,57,4,4015.71,2973.92
12769.0,56,1,1143.6,0.0
12770.0,28,1,1351.45,0.0
12775.0,7,4,1164.68,221.36
12778.0,76,3,408.06,414.17
12779.0,7,7,2999.41,981.95
12781.0,102,1,549.26,277.48
12782.0,71,3,1562.95,767.97
12785.0,181,1,311.95,0.0
12787.0,10,1,158.1,305.56
12790.0,9,1,324.92,0.0
12791.0,191,1,192.60000000000002,0.0
12792.0,74,1,400.53999999999996,0.0
12793.0,152,2,545.48,0.0
12797.0,183,1,254.03,0.0
12802.0,4,1,427.58,0.0
12808.0,2,2,281.35,202.3
12811.0,78,3,514.85,0.0
12815.0,15,1,615.36,448.1
12817.0,98,1,166.04,0.0
12818.0,79,1,1542.08,0.0
12820.0,144,1,170.46,771.88
12821.0,31,1,92.72,0.0
12823.0,72,3,994.5,765.0
12826.0,134,3,697.1,777.62
12829.0,154,2,293.0,0.0
12831.0,79,1,215.05,0.0
12834.0,100,1,312.38,0.0
12836.0,36,2,1661.4,951.46
12838.0,191,1,390.79,292.34000000000003
12839.0,15,4,1395.89,4195.53
12840.0,31,2,1577.97,1148.8
12841.0,39,12,1961.26,2061.09
12842.0,126,1,310.73,808.26
12843.0,3,4,1071.51,630.75
12845.0,84,4,354.09,0.0
12849.0,86,1,704.5,346.39
12852.0,112,1,311.55,0.0
12853.0,57,3,885.0,1072.1
12854.0,58,2,810.37,514.13
12855.0,190,1,38.1,0.0
12857.0,28,2,1106.4,0.0
12866.0,100,1,559.12,0.0
12867.0,31,4,1738.54,2298.28
12868.0,3,6,1607.0600000000002,0.0
12871.0,24,1,132.0,248.64
12872.0,144,2,599.97,0.0
12873.0,99,1,374.0,0.0
12875.0,180,1,293.76000000000005,49.470000000000006
12876.0,13,1,726.43,1491.59
12877.0,18,7,682.0400000000001,853.73
12878.0,53,2,854.99,0.0
12881.0,93,1,298.0,0.0
12886.0,37,1,775.0,603.4
12888.0,31,2,354.12,0.0
12891.0,3,3,331.0,0.0
12897.0,22,2,216.5,0.0
12901.0,1,12,8061.8,9592.74
12902.0,82,1,138.68,0.0
12908.0,130,1,318.0,432.0
12909.0,19,3,1528.37,650.3
12910.0,15,3,1142.5,1932.54
12913.0,100,3,866.39,1617.24
12915.0,190,1,199.65,164.0
12916.0,19,3,2312.78,693.37
12921.0,2,15,6071.32,10515.77
12924.0,15,3,655.27,278.43
12928.0,59,2,780.04,1282.66
12929.0,129,1,117.85,0.0
12931.0,21,7,3920.7,38135.26
12933.0,101,1,110.75,496.78
12935.0,21,2,866.23,1294.47
12937.0,14,2,428.23,1076.04
12939.0,90,3,7228.32,4353.48
12942.0,15,2,396.52000000000004,287.38
12944.0,172,1,286.95,317.56
12945.0,105,1,462.95,0.0
12947.0,1,4,1338.89,265.1
12948.0,32,3,886.26,1178.69
12949.0,23,3,2250.7,1916.52
12951.0,21,4,624.88,439.19
12955.0,21,3,697.42,4059.74
12956.0,123,1,108.07,0.0
12957.0,3,4,1715.29,2302.25
12963.0,183,1,365.8,1490.83
12967.0,175,2,1660.9,0.0
12970.0,139,2,23.8,428.44
12971.0,7,41,4859.34,6330.57
12974.0,15,1,144.8,0.0
12976.0,29,1,738.6,0.0
12980.0,5,7,5458.9800000000005,1915.92
12982.0,60,1,390.54,0.0
12987.0,15,1,304.3,254.4
12988.0,109,1,535.32,0.0
12989.0,17,7,3327.94,3596.17
12990.0,2,2,263.9,145.6
12993.0,25,2,175.29999999999998,239.46
12994.0,86,1,352.6,621.82
12997.0,53,2,608.47,618.42
12999.0,13,3,455.88,0.0
13000.0,77,2,458.53000000000003,76.32000000000001
13001.0,2,10,7845.35,1973.47
13002.0,135,1,120.94999999999999,0.0
13003.0,32,1,59.050000000000004,90.0
13004.0,1,8,2761.02,2894.89
13005.0,63,1,321.65,192.05
13008.0,140,1,229.46999999999997,0.0
13011.0,189,1,50.550000000000004,0.0
13012.0,30,3,707.39,954.45
13013.0,30,4,2372.29,2438.65
13014.0,37,3,1328.03,2138.25
13015.0,14,4,1763.04,1583.24
13018.0,13,11,3673.96,3603.7400000000002
13021.0,33,3,765.0,1851.38
13026.0,38,2,243.71999999999997,731.64
13027.0,51,3,3840.0,3072.0
13029.0,170,1,382.5,865.0
13030.0,185,1,427.74,371.74
13033.0,174,1,190.55,0.0
13034.0,186,1,165.86,476.90999999999997
13035.0,78,1,333.0,588.88
13037.0,36,2,577.32,303.75
13038.0,1,2,591.76,316.70000000000005
13043.0,90,1,516.42,0.0
13044.0,108,1,560.47,0.0
13046.0,83,1,197.72,431.59
13047.0,36,6,1671.68,1565.8600000000001
13048.0,55,2,939.92,895.99
13049.0,135,1,153.78,502.90000000000003
13050.0,2,10,3459.13,2377.73
13052.0,29,1,348.15000000000003,0.0
13055.0,31,1,344.86,869.55
13059.0,67,1,183.4,0.0
13060.0,71,1,307.53,0.0
13062.0,8,1,346.98,0.0
13064.0,144,1,203.3,916.19
13065.0,190,1,205.86,0.0
13068.0,137,1,165.0,179.0
13069.0,7,15,2683.44,1752.68
13070.0,9,1,228.8,0.0
13072.0,84,1,177.15,0.0
13077.0,107,3,577.44,151.83
13078.0,18,10,4467.16,8160.78
13081.0,35,7,14463.51,13873.87
13082.0,53,5,1960.18,1653.45
13085.0,112,1,278.1,137.98000000000002
13089.0,3,54,29530.920000000002,29294.91
13090.0,56,7,3111.6,5799.22
13092.0,29,4,439.75,38.08
13093.0,93,8,7832.47,0.0
13094.0,9,8,1093.0800000000002,834.2400000000001
13097.0,50,5,3004.26,3006.16
13098.0,3,9,7734.97,21147.47
13101.0,51,1,101.19,0.0
13102.0,16,15,3769.16,2654.93
13104.0,84,2,213.72,884.76
13107.0,151,1,566.84,964.78
13108.0,190,1,350.06,0.0
13110.0,74,3,732.49,756.1800000000001
13113.0,10,16,8856.16,3389.8
13115.0,1,1,878.55,1416.23
13117.0,35,6,751.37,233.54
13118.0,25,3,799.7,398.11
13120.0,56,1,30.599999999999998,0.0
13121.0,86,1,283.73,0.0
13122.0,57,1,903.67,18.72
13124.0,69,2,2574.12,1292.21
13126.0,70,5,1077.42,1022.22
13131.0,5,1,324.9,748.4
13132.0,79,1,77.3,0.0
13133.0,91,2,109.8,0.0
13134.0,1,3,885.74,907.84
13135.0,14,1,3096.0,0.0
13136.0,30,1,574.46,2033.15
13137.0,70,2,863.84,2786.57
13138.0,58,2,386.85,575.54
13139.0,32,2,1170.02,3894.92
13140.0,183,1,159.51,264.21
13141.0,31,4,1401.03,987.72
13144.0,150,1,110.95,0.0
13145.0,189,1,295.0,323.52000000000004
13148.0,50,6,1798.33,1908.79
13149.0,106,1,376.74,1299.32
13151.0,113,1,1257.8700000000001,0.0
13155.0,144,2,569.2,402.56
13157.0,58,2,497.94,1243.28
13158.0,136,1,256.40999999999997,944.65
13161.0,130,1,112.75,0.0
13162.0,1,3,1305.44,382.85
13165.0,168,1,354.64,666.84
13166.0,100,1,417.2,0.0
13168.0,16,3,972.66,346.53000000000003
13169.0,69,1,505.2,207.68
13171.0,116,1,140.35,328.06
13173.0,184,1,165.94,187.71
13174.0,133,2,2108.27,708.76
13178.0,21,5,2719.2,3006.27
13183.0,26,3,1527.0800000000002,2430.7000000000003
13184.0,2,5,919.97,781.32
13185.0,85,1,71.4,0.0
13187.0,154,1,236.02,0.0
13192.0,22,1,464.32,447.62
13196.0,79,1,512.13,1285.65
13198.0,67,3,2087.75,1313.49
13199.0,14,16,3740.16,6076.96
13203.0,59,1,165.71,703.75
13208.0,24,3,700.21,523.69
13209.0,45,3,2362.44,3529.17
13211.0,178,1,110.7,1086.72
13213.0,16,2,415.28000000000003,1105.3
13216.0,85,1,333.74,0.0
13220.0,3,3,726.49,92.8
13221.0,57,2,847.41,0.0
13223.0,17,2,163.20000000000002,0.0
13225.0,14,4,3741.88,2721.96
13226.0,90,1,108.21000000000001,0.0
13227.0,19,1,257.7,0.0
13229.0,43,1,160.95,0.0
13230.0,19,9,1799.48,1007.49
13232.0,13,3,691.9,665.7
13233.0,153,1,304.24,300.88
13235.0,29,1,1031.07,0.0
13238.0,177,1,91.15,609.58
13239.0,79,1,329.56,0.0
13240.0,74,2,442.41,221.24
13242.0,31,2,104.0,166.4
13243.0,20,1,600.07,0.0
13246.0,24,4,1648.52,338.78
13248.0,6,1,387.46999999999997,78.21000000000001
13249.0,78,1,291.84000000000003,419.57000000000005
13253.0,156,1,476.48,553.92
13255.0,191,1,225.7,173.81
13258.0,22,1,224.62,473.96
13261.0,86,2,944.1,0.0
13262.0,80,1,200.29,0.0
13263.0,8,15,3452.62,4001.45
13265.0,1,3,1465.66,642.0
13266.0,2,6,1826.43,2007.83
13267.0,17,11,2210.14,2311.35
13268.0,16,5,1837.78,1376.91
13269.0,35,5,2048.23,3298.0
13270.0,183,1,590.0,0.0
13280.0,133,2,699.36,115.5
13282.0,38,1,344.70000000000005,787.44
13283.0,3,1,25.5,68.16
13284.0,148,1,201.19,0.0
13285.0,43,2,1173.27,1535.85
13292.0,101,1,249.57,329.37
13294.0,7,2,873.74,0.0
13295.0,177,1,201.20000000000002,0.0
13299.0,85,1,142.5,0.0
13301.0,40,2,327.77,290.32
13304.0,168,1,300.42,0.0
13305.0,62,4,640.25,1360.61
13308.0,20,1,814.95,570.5600000000001
13309.0,24,2,546.64,910.15
13310.0,23,2,817.65,314.38
13313.0,32,2,609.74,945.58
13316.0,71,1,1622.48,4355.25
13317.0,16,5,1313.98,959.7
13319.0,4,13,5009.900000000001,5835.650000000001
13320.0,31,2,508.61,1040.09
13324.0,20,7,3798.99,3322.96
13327.0,3,5,1872.3500000000001,1755.42
13328.0,133,1,1308.48,0.0
13329.0,184,1,304.2,484.79999999999995
13330.0,3,2,728.22,412.71
13334.0,8,2,2731.84,804.98
13339.0,18,1,860.12,0.0
13340.0,94,1,3678.03,7058.45
13341.0,78,1,775.85,0.0
13344.0,95,1,1656.15,887.57
13345.0,105,1,389.5,0.0
13357.0,74,1,609.95,0.0
13358.0,86,1,439.03,0.0
13362.0,63,2,1581.53,1509.21
13365.0,35,1,700.6,1524.77
13368.0,74,2,623.4,0.0
13369.0,183,1,308.28000000000003,0.0
13370.0,189,1,754.87,0.0
13373.0,93,1,987.7,2324.55
13376.0,21,2,770.0,249.76
13381.0,24,2,1071.35,2567.96
13382.0,98,1,222.99,0.0
13385.0,147,1,534.57,0.0
13389.0,50,1,257.89,540.07
13391.0,21,1,59.8,0.0
13394.0,32,3,935.33,1584.69
13395.0,2,1,307.72,0.0
13396.0,136,1,387.27000000000004,973.72
13397.0,112,2,601.77,942.36
13398.0,9,1,457.34,0.0
13402.0,189,1,308.28000000000003,312.95
13404.0,30,1,217.81,34.68
13405.0,21,2,557.45,15.001
13408.0,8,26,11504.91,16612.13
13410.0,4,3,545.04,458.02
13414.0,114,1,390.0,1000.5
13417.0,22,1,236.0,404.83
13418.0,21,9,3340.6,2786.83
13421.0,107,1,825.04,1026.04
13425.0,112,1,401.57,1222.64
13426.0,56,4,1285.02,2356.3
13427.0,32,1,214.5,368.1
13435.0,6,1,443.72,3366.17
13437.0,7,1,1440.9,1967.16
13439.0,72,1,283.71,0.0
13448.0,36,4,1423.26,2116.11
13450.0,22,2,678.54,1365.1799999999998
13451.0,28,3,1652.3799999999999,1323.77
13452.0,76,2,590.0,0.0
13453.0,107,1,185.0,171.98
13455.0,183,1,692.94,365.4
13456.0,24,1,207.66,1559.0600000000002
13458.0,7,7,6260.08,3386.4900000000002
13462.0,70,1,151.5,0.0
13466.0,1,1,307.9,0.0
13468.0,18,21,3591.12,2113.85
13473.0,150,1,241.26,181.38
13474.0,53,1,229.59,0.0
13475.0,8,4,1431.78,0.0
13476.0,98,1,727.6,510.87
13477.0,28,2,516.03,938.55
13479.0,18,2,300.95,0.0
13481.0,9,2,978.99,825.57
13482.0,49,1,184.64,0.0
13484.0,58,1,313.8,0.0
13485.0,50,1,454.24,0.0
13487.0,30,2,408.8,166.6
13488.0,14,6,5530.43,3437.88
13489.0,106,2,235.68,213.84
13491.0,64,8,1031.63,184.19
13492.0,32,1,315.3,954.54
13493.0,92,2,618.63,0.0
13494.0,129,1,316.26000000000005,0.0
13495.0,49,3,1072.43,972.44
13496.0,177,1,501.01,152.32
13497.0,100,2,348.05,0.0
13499.0,42,2,463.79,695.3199999999999
13501.0,105,1,1340.32,0.0
13502.0,92,2,189.16,102.84
13505.0,9,2,1916.09,2477.54
13506.0,133,2,458.52,0.0
13508.0,61,1,110.97,0.0
13509.0,71,3,650.02,329.7
13510.0,1,1,585.3199999999999,1206.24
13512.0,78,1,251.21,0.0
13515.0,65,1,203.4,687.72
13516.0,56,1,146.0,1243.41
13520.0,2,4,2091.98,1532.37
13523.0,17,3,2369.24,1595.64
13524.0,37,1,159.20000000000002,520.98
13525.0,65,1,282.88,345.9
13527.0,19,2,585.64,1701.8700000000001
13529.0,22,1,181.1,126.66000000000001
13531.0,22,2,483.8,0.0
13533.0,84,2,146.64,124.14999999999999
13534.0,4,17,2953.08,2917.0
13538.0,92,2,504.3,776.55
13539.0,57,2,315.65,315.69
13544.0,58,1,122.91,168.5
13546.0,18,1,188.16,438.83
13548.0,61,1,281.01,401.4
13549.0,10,3,512.55,405.65
13551.0,136,1,91.80000000000001,0.0
13552.0,22,5,1861.29,1878.78
13555.0,19,2,1590.05,2559.23
13557.0,98,1,240.68,343.38
13561.0,33,1,141.85999999999999,0.0
13562.0,63,1,603.27,1196.06
13564.0,171,2,1198.38,550.64
13565.0,151,1,110.17999999999999,130.04
13569.0,185,1,118.32,255.43
13570.0,60,1,239.49,0.0
13571.0,2,4,507.31,1585.01
13572.0,23,1,1384.25,0.0
13573.0,70,1,31.770000000000003,262.63
13576.0,5,8,3136.01,3581.33
13577.0,59,1,356.75,1330.85
13579.0,186,1,164.70000000000002,302.34
13581.0,126,1,118.0,0.0
13584.0,124,1,142.4,0.0
13588.0,72,1,113.30000000000001,2365.65
13590.0,17,3,912.03,1069.89
13591.0,21,2,776.23,340.9
13592.0,23,3,205.51,42.45
13593.0,81,3,1022.95,1014.13
13599.0,15,7,2005.66,3148.01
13600.0,129,1,219.52,0.0
13601.0,28,1,373.2,320.12
13606.0,60,2,250.42,30.119999999999997
13610.0,4,3,474.37,657.51
13611.0,177,1,303.15000000000003,868.65
13614.0,148,1,205.75,1404.71
13615.0,136,1,417.69,0.0
13623.0,27,4,551.92,195.86
13626.0,70,1,257.23,0.0
13627.0,22,2,605.92,1032.55
13629.0,28,4,2888.0,4904.36
13630.0,1,3,1051.84,979.9399999999999
13631.0,19,4,1330.0,1740.42
13632.0,51,2,613.03,1508.24
13634.0,59,2,625.41,949.75
13636.0,70,3,541.45,407.66999999999996
13637.0,4,2,684.85,125.65
13642.0,33,1,354.8,0.0
13643.0,3,1,87.9,431.54
13647.0,52,1,424.64,1253.48
13649.0,74,2,346.6,0.0
13650.0,24,2,745.52,1090.82
13652.0,74,2,638.24,456.84000000000003
13654.0,19,3,1172.84,1534.49
13655.0,59,1,383.65,549.32
13656.0,154,1,162.70000000000002,216.95
13657.0,19,1,152.34,229.8
13658.0,21,1,933.3,1705.87
13659.0,23,2,1573.2,0.0
13662.0,29,2,532.94,364.82
13666.0,104,2,64.05,20.6
13668.0,5,12,4060.88,2302.71
13672.0,118,2,186.39000000000001,0.0
13675.0,102,1,308.44,178.38000000000002
13680.0,155,2,2391.59,1330.83
13682.0,4,1,59.5,0.0
13684.0,103,1,67.23,0.0
13692.0,31,2,871.58,616.74
13694.0,10,26,28199.35,36840.27
13695.0,6,5,625.92,1878.21
13700.0,57,5,943.66,1321.46
13703.0,135,1,99.5,0.0
13705.0,191,1,318.14,393.72
13706.0,120,1,330.79,0.0
13707.0,84,2,806.41,0.0
13708.0,88,1,296.88,0.0
13709.0,132,1,474.7,5853.35
13711.0,36,2,252.06,0.0
13712.0,64,1,228.84,0.0
13715.0,98,5,1079.34,0.0
13716.0,86,1,138.28,0.0
13717.0,58,2,570.59,874.42
13718.0,63,2,306.55,0.0
13719.0,22,2,338.74,702.94
13720.0,55,2,432.1,367.8
13722.0,100,1,1463.47,911.94
13723.0,34,1,199.85000000000002,0.0
13725.0,42,6,1751.6,228.96
13728.0,16,3,493.93,522.21
13731.0,36,2,610.59,0.0
13735.0,51,1,935.15,1950.09
13736.0,77,1,357.53,374.37
13737.0,17,1,339.59999999999997,0.0
13740.0,58,1,350.75,0.0
13741.0,1,2,363.13,305.3
13742.0,1,8,2156.02,975.0
13743.0,34,2,353.15999999999997,988.4399999999999
13744.0,109,1,893.16,263.2
13747.0,191,1,79.6,0.0
13748.0,49,3,580.85,367.4
13750.0,114,2,688.8000000000001,958.46
13751.0,105,1,296.25,0.0
13752.0,2,4,891.53,294.75
13753.0,105,1,741.26,0.0
13754.0,134,1,156.0,126.6
13756.0,1,5,1711.8100000000002,3477.71
13758.0,18,5,2351.52,839.03
13760.0,73,1,135.09,151.70000000000002
13762.0,36,1,306.72,0.0
13764.0,154,1,499.89,1021.87
13767.0,20,22,7241.29,9979.07
13769.0,25,5,1448.01,1348.5
13771.0,16,2,1464.8500000000001,1169.6
13772.0,57,1,228.42,903.71
13777.0,1,21,11356.32,14620.84
13781.0,68,1,127.84,0.0
13782.0,51,2,361.3,550.7
13784.0,3,6,1028.43,1434.36
13786.0,184,1,230.39999999999998,0.0
13787.0,181,1,106.4,202.64000000000001
13792.0,104,1,74.60000000000001,120.95
13798.0,4,33,22801.72,14352.130000000001
13799.0,111,1,341.7,347.15999999999997
13800.0,127,1,558.32,0.0
13802.0,72,2,3131.06,1468.3600000000001
13803.0,72,1,277.07,0.0
13804.0,107,1,723.63,1912.16
13807.0,184,1,112.6,0.0
13809.0,122,1,155.05,0.0
13811.0,1,3,814.5,0.0
13815.0,136,1,1012.01,3015.35
13817.0,169,1,128.7,254.28
13819.0,119,3,1140.35,0.0
13821.0,79,1,270.15,115.49
13824.0,20,3,1232.98,465.96
13831.0,17,3,1097.99,1105.0
13835.0,32,1,328.45,506.12
13837.0,29,2,271.24,0.0
13838.0,187,1,238.11,453.62
13841.0,70,1,85.0,0.0
13842.0,17,6,1828.47,1557.15
13846.0,59,2,663.9300000000001,201.13
13848.0,115,2,935.0,320.0
13851.0,105,1,246.32,2405.14
13854.0,14,16,5159.54,2949.98
13856.0,1,2,219.0,169.5
13859.0,143,1,201.16,0.0
13862.0,4,4,1152.51,1056.85
13863.0,65,1,305.78,0.0
13865.0,4,2,282.52,219.04
13867.0,35,1,138.85,876.44
13869.0,80,3,1584.96,1519.99
13870.0,105,1,544.03,2226.91
13871.0,24,5,2395.73,4007.52
13873.0,36,2,230.4,159.20000000000002
13874.0,175,1,540.45,0.0
13875.0,1,3,1067.88,718.91
13880.0,4,6,1339.57,1880.2
13881.0,31,4,3569.46,13590.06
13883.0,36,4,1742.78,931.7
13884.0,94,3,196.25,591.35
13885.0,6,2,506.8,0.0
13887.0,21,1,349.55,0.0
13888.0,35,1,239.52,366.11
13890.0,176,1,190.35,1693.46
13892.0,64,1,54.519999999999996,578.4499999999999
13893.0,115,1,821.1,0.0
13894.0,127,1,160.85,403.77000000000004
13898.0,143,1,155.93,0.0
13899.0,92,1,298.5,90.02
13900.0,10,2,732.45,8.5
13901.0,73,2,648.3,2218.9
13904.0,112,1,201.12,131.52
13908.0,32,2,831.11,1538.44
13911.0,14,6,1703.91,877.0
13917.0,9,1,65.38,206.66
13918.0,70,1,198.2,1014.64
13922.0,169,1,172.25,0.0
13929.0,143,1,412.85,429.79999999999995
13931.0,98,1,378.21000000000004,859.32
13932.0,112,1,307.4,0.0
13934.0,81,1,922.1,0.0
13939.0,129,1,184.5,384.05
13941.0,115,2,2118.96,2994.0
13946.0,19,2,485.96999999999997,75.6
13948.0,178,1,102.0,0.0
13950.0,64,1,179.30999999999997,565.75
13951.0,53,2,516.05,158.4
13952.0,35,2,3251.071,0.0
13953.0,28,3,1750.0,1765.68
13955.0,123,1,205.1,117.86
13956.0,60,2,293.67,732.75
13959.0,98,2,337.44,260.76
13962.0,63,1,117.6,51.95
13963.0,125,4,664.54,0.0
13969.0,35,6,1507.08,7546.86
13971.0,32,3,974.52,1783.74
13972.0,19,1,145.9,44.349999999999994
13973.0,104,1,264.7,0.0
13975.0,33,2,961.61,1564.67
13976.0,24,1,357.98,0.0
13982.0,143,2,903.8,968.01
13983.0,4,8,1681.06,922.37
13984.0,67,3,717.23,203.28
13985.0,1,3,1165.3,5894.83
13988.0,18,2,1356.08,2791.88
13989.0,56,1,896.6700000000001,369.40999999999997
13990.0,30,1,311.3,0.0
13993.0,23,4,1492.82,1973.54
13995.0,63,1,310.45,1083.24
13999.0,31,4,1246.82,2654.9900000000002
14000.0,28,1,635.66,0.0
14001.0,50,2,1309.14,733.94
14004.0,106,1,900.02,3682.62
14005.0,33,1,187.16,2687.56
14006.0,58,2,662.09,300.1
14009.0,15,2,695.61,0.0
14012.0,95,1,328.8,0.0
14013.0,93,1,118.5,354.52
14016.0,25,3,3364.63,976.58
14021.0,28,2,501.7,130.2
14022.0,42,1,440.0,0.0
14023.0,67,1,273.14,310.93
14030.0,60,5,1435.02,925.07
14031.0,13,11,7904.56,9382.300000000001
14032.0,23,5,1535.57,1440.02
14035.0,85,2,700.58,727.44
14036.0,102,1,626.65,0.0
14037.0,182,1,111.8,35.400000000000006
14038.0,24,1,716.32,844.0600000000001
14040.0,33,5,1449.38,2165.54
14041.0,83,1,141.41,0.0
14044.0,127,1,173.74,479.08
14045.0,155,3,1251.75,408.0
14046.0,101,1,154.99,0.0
14047.0,17,3,635.92,672.69
14048.0,122,1,409.93,0.0
14049.0,18,2,3058.46,2623.26
14051.0,30,11,5833.4800000000005,9776.91
14056.0,1,11,3695.32,4519.33
14057.0,16,8,2676.5299999999997,3541.43
14059.0,84,1,183.6,0.0
14060.0,1,11,3395.1,2745.32
14062.0,56,6,4834.63,5630.22
14064.0,29,3,842.16,511.58
14066.0,84,1,152.55,0.0
14068.0,137,1,265.85,0.0
14071.0,77,2,356.81,1082.01
14075.0,78,1,307.92,634.34
14077.0,42,2,199.61,299.81
14078.0,2,5,827.91,221.46
14081.0,119,2,934.52,0.0
14082.0,182,1,182.25,0.0
14083.0,16,5,489.47,528.96
14085.0,15,10,2812.41,1636.13
14088.0,7,3,15354.84,35136.97
14090.0,142,1,76.32000000000001,0.0
14092.0,13,6,1797.47,2279.44
14099.0,35,5,1321.46,1782.71
14101.0,15,4,4159.389999999999,1817.4
14105.0,56,1,1266.23,0.0
14107.0,37,4,1475.08,1228.15
14110.0,37,2,1701.52,3981.63
14111.0,59,1,94.2,598.65
14112.0,21,3,1152.5,1762.65
14113.0,172,1,433.5,1406.92
14114.0,91,2,386.53,0.0
14127.0,74,2,452.23,257.48
14128.0,73,1,305.54,331.96
14129.0,78,1,358.90000000000003,764.96
14130.0,136,1,483.86,0.0
14132.0,1,1,306.86,3279.17
14133.0,133,1,318.0,287.64
14135.0,3,9,2441.46,2248.85
14142.0,190,1,311.81,0.0
14145.0,34,1,1128.6,2613.6
14146.0,72,2,1903.73,2287.27
14147.0,103,1,182.8,300.6
14148.0,51,1,157.2,0.0
14149.0,38,1,446.62,0.0
14150.0,177,1,306.18,352.46000000000004
14152.0,51,1,314.51,306.78000000000003
14154.0,56,2,1345.62,0.0
14155.0,83,1,118.75,0.0
14156.0,3,19,44865.35,72514.28
14157.0,102,1,277.17,155.71
14159.0,4,3,1114.62,3578.39
14161.0,33,3,1110.52,0.0
14162.0,110,1,177.68,111.68
14163.0,16,2,749.79,1696.12
14165.0,93,1,122.53999999999999,0.0
14167.0,80,2,259.0,315.84
14173.0,36,1,114.04,336.8
14175.0,147,1,322.58,2899.72
14176.0,114,4,576.9000000000001,0.0
14180.0,2,16,3433.62,1314.9
14185.0,148,1,197.65,0.0
14188.0,32,2,760.9,1293.46
14189.0,18,8,2156.07,2498.01
14191.0,2,3,786.7,3898.06
14193.0,87,1,422.53999999999996,430.85
14194.0,14,7,3407.87,7941.650000000001
14195.0,19,2,1012.0,0.0
14198.0,56,1,183.3,518.1
14199.0,35,1,185.39999999999998,0.0
14201.0,3,4,411.1,336.34
14205.0,81,1,222.9,243.8
14206.0,56,1,328.15999999999997,0.0
14209.0,31,3,1083.15,990.28
14210.0,15,5,1599.65,306.19
14211.0,25,5,909.89,1331.21
14214.0,95,1,638.65,365.73
14215.0,4,4,1098.27,691.45
14217.0,2,8,989.25,1015.73
14220.0,64,2,632.4,0.0
14221.0,7,4,1653.83,1778.97
14223.0,81,1,304.9,686.23
14224.0,32,2,495.32,554.8
14226.0,27,2,1709.4,522.7900000000001
14227.0,13,7,2399.52,951.44
14229.0,109,2,762.13,785.0699999999999
14231.0,1,3,925.71,0.0
14232.0,4,2,1003.97,1044.1
14233.0,29,3,959.1,503.62
14235.0,43,2,1264.55,1880.31
14236.0,189,1,189.3,301.56
14237.0,190,1,161.0,0.0
14238.0,143,1,146.85,0.0
14239.0,18,6,1295.04,1085.81
14240.0,43,1,226.85,663.49
14241.0,1,1,213.70000000000002,0.0
14242.0,52,2,280.55,0.0
14243.0,63,5,1513.07,1075.7
14245.0,37,2,1693.45,0.0
14246.0,63,1,449.64,1024.42
14247.0,95,1,136.76999999999998,0.0
14248.0,135,1,302.58,0.0
14256.0,77,2,969.0600000000001,0.0
14257.0,2,2,1030.59,2069.13
14258.0,17,6,7607.82,5062.16
14262.0,58,1,240.0,2378.23
14264.0,63,1,115.7,218.27
14267.0,77,2,836.36,679.88
14270.0,149,1,492.65000000000003,0.0
14271.0,43,1,112.32,0.0
14272.0,71,1,132.09,305.87
14273.0,35,2,218.7,341.27
14276.0,107,1,341.2,778.54
14277.0,29,1,1637.43,2578.77
14280.0,14,1,134.04,0.0
14282.0,20,5,1809.18,1920.16
14286.0,60,1,2050.08,2578.67
14287.0,16,2,83.28,93.35
14288.0,30,1,426.6,0.0
14289.0,16,3,594.22,317.04
14290.0,179,1,777.5600000000001,1537.0900000000001
14291.0,28,3,1613.46,2269.79
14292.0,21,2,1125.21,3746.7200000000003
14293.0,122,2,508.02000000000004,538.5400000000001
14297.0,92,1,232.6,1072.73
14298.0,8,30,30493.99,21033.31
14299.0,135,4,1565.94,2399.68
14304.0,40,1,383.45,0.0
14307.0,37,3,1694.98,1300.74
14309.0,52,4,935.88,1416.65
14311.0,60,1,310.26,0.0
14312.0,4,4,854.59,757.0
14315.0,8,2,856.2,1624.93
14320.0,24,2,477.79,0.0
14321.0,151,1,326.82,1203.93
14323.0,56,1,299.82,305.24
14326.0,59,1,183.85,0.0
14329.0,91,2,2125.6,2889.2400000000002
14334.0,21,5,1678.23,873.98
14336.0,15,3,1114.39,500.52000000000004
14338.0,13,1,579.97,8.25
14339.0,60,1,309.52,0.0
14340.0,36,1,134.7,0.0
14341.0,32,4,703.15,1479.13
14342.0,27,1,309.6,358.96
14344.0,24,6,645.88,244.05
14346.0,114,1,262.44,759.14
14348.0,77,1,409.57,0.0
14350.0,91,1,282.93,0.0
14352.0,52,2,845.32,233.64000000000001
14353.0,32,1,90.6,0.0
14355.0,183,1,174.4,0.0
14364.0,5,4,2161.85,1555.5
14367.0,1,8,4145.52,5116.0
14368.0,137,1,155.0,0.0
14371.0,112,1,100.5,0.0
14373.0,175,1,76.55,0.0
14375.0,2,1,257.68,0.0
14377.0,8,2,617.05,0.0
14379.0,112,1,110.98,237.12
14386.0,114,1,142.4,0.0
14388.0,20,3,1173.19,2039.65
14389.0,8,1,311.14,732.32
14390.0,28,3,1036.08,3616.7400000000002
14393.0,35,1,67.95,0.0
14395.0,40,5,1625.94,1881.77
14396.0,188,1,110.35000000000001,377.64
14397.0,15,2,242.24,2370.72
14401.0,132,2,552.12,3499.36
14403.0,34,2,976.01,499.79999999999995
14404.0,77,3,723.58,750.74
14407.0,23,2,1002.6800000000001,1155.05
14408.0,7,3,1081.79,1524.74
14409.0,136,3,666.1,1393.3500000000001
14410.0,24,6,778.8,326.27
14411.0,128,1,1063.0,0.0
14413.0,179,1,122.7,0.0
14414.0,176,1,217.2,1279.78
14415.0,15,5,2399.25,3501.03
14419.0,70,2,307.56,750.5
14421.0,29,1,455.18,357.93
14422.0,84,1,401.31,3862.33
14423.0,35,1,265.2,0.0
14426.0,93,3,1495.58,2986.09
14428.0,57,2,330.62,914.21
14431.0,120,1,470.36,0.0
14437.0,183,1,63.0,0.0
14438.0,123,1,131.9,0.0
14439.0,137,1,2661.24,0.0
14440.0,134,2,1185.71,1171.97
14441.0,73,1,356.84000000000003,1356.05
14442.0,22,2,1589.82,0.0
14443.0,127,2,608.4,811.8
14446.0,64,1,303.04,736.54
14447.0,13,2,601.03,562.2
14448.0,181,1,102.35000000000001,273.0
14449.0,64,2,401.3,505.8
14450.0,60,2,269.45,213.8
14451.0,12,1,360.0,302.59
14453.0,7,1,119.93,0.0
14457.0,128,1,113.64,0.0
14460.0,128,1,30.0,404.34
14461.0,79,1,776.23,1326.83
14462.0,3,7,1140.72,863.3
14463.0,22,1,115.92,413.7
14465.0,64,3,1058.6200000000001,0.0
14466.0,4,4,1345.7,926.7
14467.0,130,1,131.7,467.06
14470.0,105,1,297.64,163.55
14472.0,5,5,1529.6299999999999,407.21
14473.0,99,1,85.0,149.34000000000003
14475.0,3,2,622.17,303.68
14476.0,74,1,215.7,0.0
14477.0,1,2,523.0,786.6
14479.0,71,2,316.25,0.0
14481.0,104,1,302.86,333.65
14482.0,56,1,238.1,1830.05
14483.0,99,1,137.1,0.0
14487.0,185,1,125.10000000000001,1071.23
14489.0,24,1,463.38,0.0
14491.0,190,1,127.2,213.73
14496.0,129,2,538.8100000000001,0.0
14497.0,126,1,475.37,0.0
14498.0,3,2,313.24,1644.08
14499.0,96,1,126.02000000000001,689.3
14500.0,7,1,284.85,72.0
14501.0,1,2,251.21,0.0
14502.0,52,6,1070.23,1400.44
14504.0,60,3,542.71,130.55
14505.0,21,5,3192.76,2712.88
14506.0,101,2,566.86,1445.31
14507.0,32,3,615.31,767.87
14512.0,5,2,275.28,0.0
14513.0,24,2,317.35,138.24
14514.0,18,2,403.11,652.24
14515.0,8,2,765.65,1336.44
14520.0,108,1,165.0,105.60000000000001
14522.0,15,1,278.63,695.91
14524.0,53,4,777.58,1090.1
14525.0,3,5,2032.94,2299.26
14527.0,2,27,3562.36,4946.46
14530.0,2,3,1560.84,1365.07
14532.0,53,4,932.85,0.0
14533.0,170,1,433.5,1516.22
14534.0,4,9,1862.2,2584.85
14535.0,66,1,853.97,2010.22
14536.0,77,1,171.8,0.0
14538.0,73,1,106.5,281.75
14540.0,126,1,195.9,800.36
14541.0,31,6,1013.75,447.9
14542.0,3,1,103.25,0.0
14543.0,7,9,2455.55,1174.78
14544.0,179,1,1121.92,902.53
14546.0,19,2,874.88,1703.21
14548.0,135,1,326.4,326.4
14549.0,128,1,289.24,0.0
14551.0,21,1,125.43,60.8
14553.0,36,2,312.32,546.95
14555.0,119,1,197.94,126.2
14560.0,13,9,1232.0,1005.77
14561.0,1,1,222.07,858.6899999999999
14562.0,49,3,916.1,4158.67
14565.0,22,2,1877.55,1221.57
14570.0,98,2,218.06,0.0
14572.0,71,3,1077.93,1754.91
14573.0,18,7,1378.9,274.52
14576.0,189,1,35.400000000000006,0.0
14577.0,50,2,468.01,391.7
14583.0,3,2,314.33,738.22
14584.0,14,2,474.8,567.46
14586.0,94,1,237.36,0.0
14587.0,1,8,1473.53,127.61
14589.0,189,1,39.75,0.0
14591.0,30,1,250.22,1196.92
14593.0,16,2,339.59,278.4
14594.0,190,1,255.0,124.83
14595.0,130,1,163.8,1576.8
14597.0,9,1,165.1,718.05
14600.0,123,1,393.33000000000004,0.0
14603.0,92,1,660.0,0.0
14606.0,3,50,6996.73,5159.92
14607.0,78,1,495.0,16074.5
14608.0,179,1,204.0,1581.15
14609.0,114,1,144.0,457.56
14616.0,60,3,406.08000000000004,0.0
14618.0,155,1,211.8,341.64
14619.0,63,1,394.44,0.0
14620.0,23,2,412.78000000000003,0.0
14621.0,4,2,636.3100000000001,1152.05
14622.0,2,1,320.58000000000004,0.0
14623.0,3,2,397.86,491.39
14625.0,13,2,899.63,0.0
14626.0,50,1,586.9,2204.37
14628.0,59,1,331.58000000000004,340.38
14631.0,52,2,630.08,376.90000000000003
14632.0,80,1,114.56,0.0
14633.0,83,1,344.90000000000003,0.0
14636.0,86,1,300.19,309.66
14639.0,108,2,1235.13,1749.36
14640.0,45,1,413.45000000000005,1711.63
14643.0,175,1,357.94,335.87
14644.0,115,1,187.50000000000003,643.26
14645.0,93,1,240.10000000000002,356.99
14646.0,9,27,116135.92,164070.1
14647.0,18,1,243.22,0.0
14649.0,29,2,584.22,833.0699999999999
14651.0,28,1,416.32,238.28
14653.0,155,1,344.81,1602.74
14655.0,39,1,810.56,1121.67
14656.0,100,1,133.11,157.94
14657.0,99,2,524.4,323.82
14659.0,4,5,1381.76,1148.17
14662.0,52,3,524.86,246.31
14665.0,114,3,731.66,1104.04
14667.0,31,11,3953.81,5287.39
14669.0,59,3,1269.99,0.0
14670.0,97,2,411.53,0.0
14672.0,52,2,765.55,0.0
14673.0,185,1,373.49,1362.91
14676.0,24,3,1148.52,1399.72
14680.0,16,9,14533.880000000001,14220.23
14681.0,29,1,393.95,105.0
14682.0,5,2,52.0,0.0
14684.0,32,2,519.26,717.02
14688.0,16,10,2787.68,2843.19
14689.0,26,1,112.8,0.0
14691.0,30,1,439.6,1674.73
14692.0,52,3,480.3,111.25
14693.0,82,1,172.9,0.0
14696.0,4,4,1171.39,907.5600000000001
14697.0,35,2,188.60999999999999,0.0
14699.0,31,1,109.13000000000001,0.0
14700.0,7,2,1557.6,677.6999999999999
14701.0,64,5,1750.75,798.62
14702.0,98,6,1222.15,2069.9900000000002
14705.0,16,1,179.0,0.0
14708.0,186,1,419.06,707.31
14709.0,5,5,1943.04,2978.0
14711.0,2,6,1603.99,1264.81
14713.0,3,7,1449.6399999999999,1216.72
14715.0,115,2,247.45,619.9300000000001
14719.0,66,1,223.46,1378.67
14723.0,175,3,471.0,687.3000000000001
14727.0,91,1,268.58,0.0
14729.0,191,1,313.49,0.0
14730.0,50,3,555.6,1449.46
14731.0,23,2,251.01999999999998,129.0
14732.0,4,4,1283.2,1419.29
14733.0,21,8,7907.58,1678.3300000000002
14735.0,14,17,2555.41,3510.28
14737.0,170,1,434.0,730.55
14738.0,16,4,525.69,788.76
14739.0,37,3,1307.6200000000001,2594.66
14740.0,14,3,1448.21,0.0
14741.0,179,2,495.3,905.04
14744.0,115,5,928.03,171.95
14745.0,2,2,581.67,638.59
14747.0,66,1,328.2,0.0
14748.0,29,3,771.13,644.62
14754.0,113,1,228.26999999999998,409.78
14755.0,24,4,1862.51,3147.77
14758.0,23,3,1206.94,277.12
14759.0,50,1,572.25,1053.72
14760.0,114,1,89.2,0.0
14761.0,152,1,97.5,158.4
14762.0,81,1,300.52,0.0
14766.0,31,3,1166.21,1307.16
14769.0,18,4,5837.35,4837.4
14770.0,49,2,876.42,0.0
14775.0,189,1,406.56,605.3399999999999
14776.0,35,3,1074.6,1463.7
14778.0,126,1,334.05,396.81
14779.0,98,3,386.15,0.0
14782.0,137,1,200.10000000000002,0.0
14784.0,141,1,114.68,175.31
14790.0,71,1,152.16,592.9
14794.0,21,4,679.54,640.37
14796.0,35,9,3478.75,4543.74
14798.0,127,1,75.68,98.06
14800.0,8,7,3394.06,945.6800000000001
14803.0,93,2,730.79,114.76
14805.0,131,1,109.25,445.4
14810.0,16,8,1278.7,809.18
14813.0,187,2,155.43,0.0
14816.0,14,1,271.85,0.0
14817.0,17,2,1110.34,0.0
14818.0,71,1,118.25,539.55
14819.0,9,1,84.72,187.35
14821.0,184,1,48.800000000000004,0.0
14823.0,11,2,210.65,110.78
14825.0,21,5,1025.8700000000001,1201.04
14828.0,14,3,2139.76,0.0
14829.0,1,3,531.63,165.92
14834.0,57,1,243.69,1476.61
14837.0,19,1,492.26,1157.24
14840.0,85,1,62.85,0.0
14841.0,91,3,1781.8500000000001,1513.91
14842.0,9,2,1688.48,1136.21
14844.0,58,1,874.5500000000001,2315.26
14849.0,30,10,2412.91,5517.63
14850.0,129,1,325.75,0.0
14851.0,73,1,206.13,305.22
14852.0,69,1,490.4,2346.29
14853.0,28,1,214.5,261.3
14854.0,45,3,1191.33,1568.5
14859.0,21,1,296.86,1056.88
14865.0,189,1,37.2,15.0
14866.0,183,1,103.67999999999999,14286.22
14867.0,3,3,710.28,0.0
14868.0,50,1,439.33,2514.26
14870.0,79,1,327.25,0.0
14871.0,72,2,248.6,273.78000000000003
14873.0,27,1,519.68,0.0
14875.0,80,1,362.0,1103.32
14878.0,19,4,851.74,633.8
14880.0,2,2,363.27,342.92
14883.0,29,1,310.56,451.03
14886.0,70,1,364.8,0.0
14888.0,24,1,369.2,0.0
14889.0,153,1,135.9,0.0
14890.0,71,1,125.65,0.0
14891.0,5,1,449.38,105.0
14895.0,22,3,3919.78,7218.93
14896.0,22,2,468.77000000000004,0.0
14897.0,114,1,175.5,1190.88
14898.0,57,4,610.93,692.59
14901.0,178,3,497.04999999999995,924.24
14903.0,17,3,1800.23,1010.4
14905.0,51,1,308.55,307.6
14907.0,178,3,960.69,2540.41
14911.0,1,65,42743.41,101081.65
14912.0,64,1,482.78999999999996,385.06
14913.0,91,2,615.8299999999999,611.6
14915.0,95,1,142.28,165.20000000000002
14916.0,141,1,295.05,973.93
14920.0,30,2,977.77,0.0
14921.0,18,1,903.01,413.06
14924.0,63,1,310.05,0.0
14930.0,91,1,1104.13,1268.73
14931.0,23,2,586.0,671.6800000000001
14932.0,183,1,363.53,0.0
14934.0,100,1,828.84,1062.1
14935.0,114,1,1784.71,0.0
14936.0,93,1,1576.3600000000001,6560.66
14944.0,3,5,1832.03,4068.2200000000003
14948.0,36,1,278.4,823.57
14952.0,24,7,3534.61,4564.88
14957.0,70,1,58.49,0.0
14958.0,2,2,392.28,107.39999999999999
14959.0,33,2,422.38,273.04
14961.0,49,5,3179.66,3865.02
14962.0,88,1,126.7,0.0
14963.0,1,1,294.2,1193.6
14964.0,64,1,206.21,0.0
14970.0,69,2,782.25,809.81
14973.0,43,1,654.6,659.85
14976.0,13,3,450.26,340.6
14978.0,53,4,1537.28,394.14
14981.0,63,1,102.12,0.0
14985.0,15,2,296.75,0.0
14987.0,183,1,163.2,163.2
14988.0,29,1,334.54,0.0
14995.0,97,1,119.31,113.92
14998.0,58,1,183.64,246.23
15002.0,114,3,1147.5900000000001,494.17
15005.0,4,13,2951.12,3365.45
15012.0,191,1,191.06,231.98
15018.0,70,2,291.34000000000003,204.87
15019.0,84,1,266.0,0.0
15021.0,36,3,685.09,1229.73
15023.0,35,4,2857.73,3945.03
15024.0,114,3,688.09,973.24
15026.0,57,2,230.78,238.22
15027.0,36,2,654.12,412.03000000000003
15028.0,186,1,185.97,441.16
15030.0,85,1,152.76,365.52000000000004
15031.0,99,1,150.83,517.31
15032.0,73,3,4959.1,0.0
15033.0,25,3,1169.14,1417.53
15034.0,50,5,2664.83,1643.78
15038.0,5,4,517.45,188.04
15039.0,2,27,14092.79,5821.650000000001
15042.0,16,1,135.93,0.0
15044.0,24,11,4505.33,3194.9
15045.0,75,1,388.9,346.76
15046.0,12,8,2317.46,2896.31
15047.0,87,1,343.62,0.0
15048.0,38,2,256.45,127.6
15049.0,91,1,121.17000000000002,0.0
15052.0,136,1,215.78,0.0
15053.0,99,1,222.65,475.14
15057.0,92,2,1489.5,0.0
15058.0,60,5,740.76,1384.23
15059.0,33,4,569.02,768.7
15061.0,2,30,31280.62,23253.52
15062.0,35,3,814.04,173.82
15063.0,30,1,370.79999999999995,0.0
15065.0,45,2,1406.4,1751.73
15067.0,100,1,848.05,896.71
15068.0,73,1,239.95999999999998,313.4
15070.0,190,1,106.2,0.0
15071.0,93,1,588.6700000000001,393.40000000000003
15073.0,3,2,861.96,181.45
15078.0,8,14,4184.16,5558.95
15079.0,30,4,895.61,0.0
15081.0,25,2,248.05,256.75
15083.0,74,1,88.2,0.0
15087.0,99,1,306.94,0.0
15090.0,125,1,381.32,0.0
15092.0,32,2,457.81,0.0
15093.0,24,4,3396.68,1200.34
15095.0,20,1,770.5,600.1
15100.0,151,3,876.0,0.0
15101.0,176,1,102.28,215.25
15104.0,14,2,1027.44,0.0
15106.0,29,2,778.45,644.0699999999999
15107.0,128,6,319.5,0.0
15108.0,3,3,623.45,676.8
15109.0,63,1,484.95,0.0
15110.0,136,1,169.65,826.45
15111.0,190,1,288.5,1278.98
15114.0,34,3,717.91,2042.65
15116.0,22,1,479.65,873.1
15117.0,33,1,312.4,1239.38
15119.0,63,1,266.4,0.0
15121.0,106,1,295.15,162.57
15122.0,21,2,930.61,703.17
15123.0,23,1,1069.47,1129.84
15124.0,9,1,90.75,93.44
15125.0,25,4,7310.72,4217.76
15128.0,37,1,483.7,987.3
15129.0,28,4,1120.38,2327.02
15132.0,17,2,489.87,488.06
15133.0,75,2,657.9,324.52
15134.0,30,2,239.45000000000002,1148.54
15135.0,56,1,139.05,0.0
15139.0,57,2,178.96,0.0
15140.0,16,3,1127.45,1226.8
15143.0,43,1,259.45,0.0
15144.0,34,5,1695.02,4885.42
15145.0,44,2,724.03,470.7
15146.0,108,1,834.22,492.94
15147.0,57,1,623.5,0.0
15150.0,3,2,1318.07,3996.4
15152.0,4,1,756.1,3989.59
15157.0,175,1,1085.46,850.61
15159.0,2,14,5675.87,12965.14
15160.0,174,1,158.16,0.0
15163.0,9,1,155.0,149.47
15164.0,25,2,368.18,474.87
15165.0,190,1,487.75,0.0
15167.0,138,1,163.0,0.0
15171.0,148,1,1289.5,0.0
15172.0,14,2,526.2,1097.85
15174.0,140,1,135.75,0.0
15178.0,77,1,40.5,0.0
15179.0,51,3,1455.12,751.83
15180.0,184,1,87.5,0.0
15181.0,87,1,300.0,389.47999999999996
15182.0,86,1,370.48,252.37
15184.0,8,1,235.23000000000002,171.53
15187.0,29,1,431.6,4345.58
15189.0,1,17,5530.21,10695.18
15192.0,8,2,737.99,306.33
15194.0,16,9,3661.18,3955.35
15197.0,70,2,773.25,306.36
15199.0,53,2,657.15,611.55
15201.0,21,2,602.27,634.27
15203.0,15,2,692.9,1134.9
15204.0,174,1,316.58,0.0
15206.0,93,1,17.700000000000003,402.59999999999997
15208.0,170,1,65.4,804.72
15210.0,42,1,331.18,0.0
15211.0,182,1,383.07,511.34000000000003
15212.0,58,1,101.8,0.0
15213.0,136,2,328.35,0.0
15214.0,1,2,651.63,1009.8100000000001
15218.0,35,3,1757.26,3999.63
15220.0,21,3,858.1899999999999,920.77
15221.0,183,1,403.25,0.0
15222.0,136,1,585.0,0.0
15223.0,43,2,755.75,0.0
15224.0,175,2,322.08,0.0
15225.0,51,1,409.40000000000003,0.0
15226.0,128,1,154.41,0.0
15227.0,33,3,876.8199999999999,342.58
15228.0,112,1,904.85,2481.86
15230.0,56,2,429.6,0.0
15234.0,94,1,197.0,0.0
15235.0,35,12,2247.51,0.0
15236.0,116,1,321.05,0.0
15237.0,20,2,1093.65,318.67
15238.0,1,1,300.14,771.85
15240.0,9,3,1045.38,661.1899999999999
15241.0,1,4,1065.36,691.08
15244.0,65,1,297.94,333.63
15245.0,4,2,1737.72,778.12
15246.0,55,2,514.15,0.0
15249.0,14,5,2841.37,3847.09
15251.0,28,2,4095.72,6389.27
15257.0,100,1,317.15,0.0
15258.0,34,1,315.66,307.5
15260.0,4,5,1270.48,540.29
15262.0,141,1,178.95000000000002,0.0
15265.0,53,1,712.24,793.88
15266.0,155,1,119.3,0.0
15270.0,56,4,1313.75,1065.74
15271.0,21,5,735.61,1771.46
15279.0,172,1,290.51,0.0
15281.0,15,6,1927.41,404.74
15288.0,18,3,1624.0,682.52
15289.0,67,1,375.45,564.33
15290.0,20,8,2032.57,5910.65
15291.0,65,9,2679.59,1988.71
15292.0,18,1,180.94,0.0
15296.0,1,3,2077.59,1595.27
15298.0,4,5,1777.2,3022.7
15299.0,81,4,2435.01,2072.0
15301.0,4,6,2775.91,2294.44
15303.0,107,1,574.02,0.0
15304.0,36,5,381.6,312.8
15308.0,91,1,310.47,0.0
15311.0,2,45,33726.11,27041.79
15312.0,32,2,607.9,316.95
15314.0,16,1,327.97,0.0
15316.0,144,1,165.0,0.0
15319.0,101,1,204.5,0.0
15321.0,109,1,1159.47,1588.8400000000001
15326.0,151,1,311.71,0.0
15332.0,183,4,1661.06,0.0
15333.0,25,1,1028.56,0.0
15339.0,135,1,257.9,316.17
15346.0,150,1,252.42000000000002,0.0
15347.0,183,1,201.60000000000002,0.0
15349.0,4,1,366.11,107.7
15350.0,190,1,115.65,0.0
15351.0,187,1,274.67,1685.44
15353.0,72,2,777.02,0.0
15356.0,35,5,1201.81,1564.69
15358.0,25,11,4363.07,3984.13
15361.0,179,1,418.92,0.0
15363.0,190,1,326.0,0.0
15364.0,71,1,331.80000000000007,581.39
15365.0,132,1,208.61,2105.71
15366.0,175,1,105.54,496.97
15367.0,63,2,1416.18,461.40999999999997
15370.0,21,3,1127.94,1258.11
15373.0,27,6,1191.75,1224.16
15376.0,39,1,654.17,579.19
15379.0,3,6,3572.4900000000002,130.8
15380.0,182,1,230.10000000000002,1460.16
15381.0,31,2,596.85,0.0
15382.0,2,4,2127.12,3828.59
15384.0,177,1,303.57,338.84
15386.0,3,1,394.14,0.0
15388.0,87,1,140.54,0.0
15392.0,177,1,338.98,1196.55
15393.0,98,1,124.10000000000001,107.76
15394.0,21,2,1436.44,747.1
15395.0,143,1,107.45,0.0
15397.0,107,1,94.0,0.0
15400.0,1,2,458.8,257.4
15402.0,13,1,440.99,185.78
15405.0,6,1,349.1,0.0
15406.0,118,1,252.29,258.42
15407.0,1,3,740.73,315.71
15408.0,81,1,267.18,0.0
15410.0,20,4,1800.89,1649.95
15414.0,59,1,36.2,738.7
15415.0,130,1,572.8100000000001,0.0
15416.0,57,2,2274.43,1709.89
15421.0,32,3,739.36,211.0
15422.0,140,2,97.7,0.0
15424.0,71,2,383.34,0.0
15426.0,74,2,662.98,784.41
15433.0,31,2,533.3,0.0
15434.0,17,1,306.96,734.5200000000001
15436.0,51,1,489.05,633.48
15437.0,79,1,200.16,0.0
15440.0,26,1,125.8,257.88
15442.0,66,1,594.0,0.0
15443.0,137,1,437.71,2799.2
15445.0,81,1,113.5,0.0
15447.0,148,1,155.17,0.0
15448.0,130,1,494.64,0.0
15449.0,2,2,647.7,326.82
15452.0,81,1,247.25,291.48
15453.0,5,1,197.09,1191.28
15454.0,179,1,179.1,0.0
15456.0,100,3,447.22,0.0
15457.0,79,1,237.07,0.0
15460.0,171,1,216.76,0.0
15462.0,4,1,105.0,129.6
15464.0,155,1,1048.85,0.0
15465.0,51,12,5163.46,2191.16
15482.0,68,3,1437.44,9617.52
15483.0,84,1,114.85,118.96
15485.0,153,2,1278.63,1296.37
15489.0,28,1,348.26,786.02
15491.0,35,3,1644.92,1455.17
15493.0,67,2,951.25,1050.55
15497.0,137,1,970.6,291.6
15498.0,7,13,7142.85,6173.55
15502.0,93,4,2640.46,7744.469999999999
15503.0,180,1,147.09,0.0
15508.0,6,6,1000.27,0.0
15510.0,148,1,250.0,0.0
15512.0,177,1,101.2,19.799999999999997
15513.0,16,12,6069.46,8688.76
15514.0,43,6,2561.94,1577.52
15517.0,50,1,267.03,0.0
15518.0,32,4,987.57,954.88
15521.0,29,4,1667.78,1332.42
15525.0,190,1,313.93,511.99
15527.0,37,3,900.04,1529.74
15528.0,71,1,229.33,0.0
15529.0,28,7,1932.21,2063.02
15530.0,64,1,553.13,949.22
15532.0,175,1,356.35,1224.58
15535.0,53,3,411.39,125.01
15543.0,105,1,127.86,0.0
15544.0,28,4,1759.47,1787.24
15545.0,188,1,135.32999999999998,157.39000000000001
15547.0,11,7,2404.53,2550.31
15549.0,133,1,942.1,751.16
15550.0,119,1,137.89999999999998,437.73
15552.0,34,1,90.12,0.0
15554.0,95,1,217.2,0.0
15555.0,7,6,1783.5,3021.67
15561.0,33,1,265.75,534.84
15562.0,169,1,134.55,0.0
15563.0,18,2,735.62,664.8199999999999
15569.0,149,1,288.5,1087.21
15570.0,23,8,2525.42,1640.1
15572.0,66,3,876.04,1676.82
15574.0,176,3,590.15,112.1
15577.0,122,1,29.65,229.23
15579.0,131,1,199.6,149.0
15581.0,43,8,634.96,3045.01
15582.0,37,1,303.61,379.3
15587.0,169,1,344.88,568.8000000000001
15589.0,73,3,478.53000000000003,0.0
15594.0,52,1,267.91,1503.87
15596.0,32,4,1389.69,16.9
15599.0,21,1,448.83,312.90999999999997
15601.0,21,9,4748.59,2027.97
15602.0,18,5,542.95,754.92
15605.0,69,3,690.1800000000001,508.05
15606.0,40,6,1826.35,1093.81
15607.0,154,1,104.76,0.0
15609.0,1,1,298.48,0.0
15611.0,8,4,432.1,1159.3500000000001
15615.0,1,12,5221.96,5177.78
15620.0,38,2,875.01,678.17
15622.0,14,5,2602.0,1107.56
15624.0,24,2,311.4,276.73
15625.0,52,1,695.3299999999999,838.93
15626.0,147,1,281.88,393.92
15628.0,72,2,691.01,2179.23
15630.0,22,1,396.86,789.49
15632.0,42,3,1242.5,2042.81
15636.0,99,1,306.7,418.06
15640.0,2,8,6780.22,5735.4400000000005
15641.0,78,3,1305.38,581.82
15643.0,9,3,664.0,0.0
15644.0,73,3,423.19,389.81
15646.0,64,2,340.04,107.60000000000001
15648.0,21,2,657.35,0.0
15649.0,153,2,816.0,0.0
15651.0,78,1,227.32,418.98
15655.0,60,1,560.67,0.0
15656.0,38,2,306.86,441.64
15658.0,7,5,1024.1000000000001,0.0
15660.0,21,4,739.02,861.84
15661.0,134,2,309.8,0.0
15665.0,60,1,1476.22,765.79
15668.0,35,1,76.32000000000001,0.0
15669.0,81,1,198.8,485.54
15670.0,114,1,173.05,0.0
15671.0,60,3,1033.13,1624.0
15673.0,32,2,1785.73,1095.29
15674.0,31,4,1379.66,1066.94
15675.0,97,1,45.0,278.69
15676.0,101,1,897.8,2537.96
15680.0,183,1,478.89,854.79
15681.0,97,1,345.68,1080.48
15687.0,4,5,1679.45,1313.65
15689.0,179,1,103.5,150.6
15691.0,69,1,136.8,0.0
15694.0,5,8,3001.7,3477.7
15695.0,84,2,409.98,0.0
15696.0,38,6,1637.9,1098.56
15703.0,82,1,211.5,0.0
15704.0,4,2,1507.32,786.3000000000001
15705.0,18,1,143.1,0.0
15708.0,40,5,2068.3,1295.94
15709.0,101,1,133.25,0.0
15712.0,105,1,299.8,772.5600000000001
15713.0,183,1,171.15,185.55
15716.0,19,3,902.44,216.37
15717.0,51,1,150.3,0.0
15719.0,17,7,2430.97,2614.64
15722.0,5,2,770.65,1451.91
15723.0,182,1,203.1,0.0
15724.0,18,2,218.25,0.0
15727.0,15,4,3250.87,1928.09
15729.0,30,1,85.0,0.0
15730.0,24,1,467.43,653.45
15732.0,29,2,294.12,0.0
15733.0,100,1,162.3,0.0
15734.0,17,1,578.6500000000001,760.8000000000001
15737.0,3,4,729.73,475.39
15738.0,1,10,2929.06,1883.3600000000001
15743.0,2,1,322.55,461.91
15745.0,53,1,302.85,791.74
15749.0,52,3,44534.3,0.0
15750.0,100,3,612.57,1852.91
15752.0,67,3,1045.18,1592.2
15753.0,122,1,79.2,0.0
15754.0,64,1,91.8,366.77
15755.0,52,2,620.73,1743.52
15756.0,30,2,249.12,283.84
15757.0,35,1,261.36,453.06
15759.0,35,3,253.04,0.0
15764.0,1,3,1694.52,1585.45
15768.0,21,2,479.15,142.68
15769.0,15,13,27889.72,28363.0
15775.0,62,1,104.9,0.0
15777.0,58,4,1047.11,0.0
15780.0,1,3,475.28000000000003,0.0
15781.0,123,1,83.35,262.11
15785.0,14,2,1330.4,998.5699999999999
15789.0,175,1,351.3,0.0
15791.0,21,1,1223.24,389.45000000000005
15793.0,86,1,306.64,658.97
15796.0,5,4,1249.92,1461.64
15797.0,31,3,1840.2,367.2
15799.0,2,2,481.24,402.90000000000003
15800.0,64,1,244.5,454.58
15804.0,16,1,525.36,3681.03
15805.0,3,7,2704.42,2824.06
15806.0,94,1,300.36,484.22
15808.0,123,4,3734.9700000000003,0.0
15809.0,1,4,399.21,116.56
15810.0,49,2,854.12,537.86
15811.0,23,4,1294.84,923.78
15812.0,6,3,1054.22,746.9200000000001
15813.0,25,2,1303.9099999999999,0.0
15815.0,29,3,1394.08,706.52
15819.0,16,2,1177.14,728.3100000000001
15820.0,137,1,206.98,0.0
15822.0,176,1,440.2,445.27
15823.0,189,1,15.0,0.0
15826.0,28,1,720.0,934.3100000000001
15827.0,32,9,911.69,924.4
15831.0,141,1,309.94,491.82
15832.0,71,1,836.79,0.0
15834.0,94,2,1281.37,952.38
15835.0,77,2,488.31,465.78
15838.0,8,7,8208.88,25434.2
15841.0,35,2,613.26,610.8000000000001
15843.0,121,1,118.95000000000002,0.0
15845.0,28,3,1537.16,2174.61
15847.0,105,1,180.68,208.59
15852.0,4,2,160.71,0.0
15854.0,21,6,1584.39,1390.26
15855.0,1,4,474.69,237.55
15856.0,21,8,6939.47,9448.1
15858.0,106,2,816.22,622.63
15860.0,50,3,420.26,556.95
15861.0,84,2,722.48,2442.88
15862.0,21,2,491.01,341.87
15863.0,10,1,9.2,59.64
15864.0,133,1,242.42000000000002,1693.9
15865.0,31,1,313.93,581.2
15867.0,13,9,1755.05,2057.59
15869.0,94,2,149.64,0.0
15874.0,35,5,2162.8,2243.08
15880.0,186,1,343.28000000000003,0.0
15881.0,129,5,501.39000000000004,0.0
15882.0,16,4,516.36,0.0
15885.0,126,1,15.0,364.35
15889.0,186,1,297.92,148.95
15891.0,44,1,524.52,0.0
15894.0,70,2,263.55,0.0
15897.0,11,2,222.05,0.0
15898.0,44,4,1002.99,385.89
15899.0,186,1,56.25,0.0
15903.0,45,2,641.6400000000001,4485.12
15906.0,37,3,683.16,884.53
15907.0,27,1,251.18,716.27
15910.0,24,4,550.61,681.57
15912.0,50,1,141.49,123.13
15916.0,9,5,848.53,679.5600000000001
15917.0,65,1,123.1,0.0
15918.0,8,2,334.23,0.0
15919.0,186,1,270.72,369.17
15922.0,190,1,369.5,0.0
15923.0,190,1,127.08,0.0
15925.0,11,1,207.15,0.0
15932.0,32,4,1273.25,1222.62
15935.0,56,2,416.86,0.0
15938.0,18,4,335.3,69.28
15939.0,13,9,4632.35,1482.66
15940.0,128,1,35.8,0.0
15944.0,94,1,325.1,0.0
15945.0,182,1,181.0,0.0
15950.0,177,1,428.82000000000005,1336.69
15951.0,103,1,375.16999999999996,333.05
15952.0,42,1,232.65,573.92
15953.0,29,4,826.14,833.24
15955.0,21,3,1445.6200000000001,2970.64
15965.0,184,1,156.19,689.45
15967.0,136,1,173.8,245.03
15969.0,3,1,308.7,357.4
15970.0,121,1,314.1,0.0
15971.0,59,4,1086.15,3113.7
15973.0,184,1,307.82000000000005,0.0
15974.0,1,4,2054.85,1387.3
15976.0,37,1,209.99,220.95
15980.0,71,1,760.18,1638.68
15981.0,28,4,1622.2,1786.28
15983.0,178,3,1148.27,326.75
15984.0,50,5,782.08,2055.59
15985.0,54,1,899.58,242.84
15987.0,17,4,516.08,935.2
15990.0,104,1,401.37,390.74
15996.0,81,3,655.27,405.41
15998.0,80,2,1782.22,1307.75
16003.0,177,1,1181.0,1554.3700000000001
16005.0,88,1,177.59,437.8
16006.0,28,1,101.4,0.0
16007.0,32,1,369.75,1332.19
16008.0,22,1,139.15,339.63
16010.0,63,3,407.5,0.0
16011.0,1,7,1228.41,2134.2999999999997
16013.0,1,23,12801.32,24329.28
16014.0,108,1,262.93,399.45
16016.0,13,4,817.57,691.19
16019.0,49,6,2489.5,1296.74
16022.0,77,1,628.28,0.0
16023.0,9,2,500.69,219.12
16027.0,36,3,516.6700000000001,417.95000000000005
16029.0,4,30,36388.26,44636.58
16030.0,127,1,331.24,0.0
16031.0,64,1,305.63,243.31
16033.0,18,11,3277.67,5538.7300000000005
16034.0,13,3,437.7,0.0
16036.0,80,1,188.73,570.19
16037.0,87,3,855.02,0.0
16038.0,19,1,316.95,154.83
16040.0,86,1,422.43,891.12
16042.0,149,1,24.95,1172.32
16043.0,28,3,676.49,97.5
16045.0,63,2,861.25,479.45
16048.0,190,2,256.44,0.0
16055.0,38,1,134.8,0.0
16057.0,28,3,1059.54,1203.58
16059.0,72,3,647.7,812.16
16062.0,58,2,578.18,575.44
16063.0,77,1,335.32,0.0
16065.0,182,1,372.09,0.0
16072.0,105,1,584.3199999999999,0.0
16073.0,114,1,122.39999999999999,0.0
16076.0,26,1,305.45000000000005,1929.28
16078.0,101,1,79.2,0.0
16080.0,91,1,130.26,86.9
16081.0,2,3,992.37,1814.53
16083.0,178,1,337.98,979.64
16084.0,116,1,436.18,0.0
16085.0,54,2,325.04,656.47
16086.0,17,3,587.0600000000001,534.33
16091.0,16,1,157.25,157.81
16092.0,14,2,593.73,224.13
16094.0,36,1,252.1,826.13
16096.0,81,1,320.62,0.0
16097.0,57,1,185.04999999999998,0.0
16098.0,2,4,1222.22,783.41
16099.0,43,1,318.3,413.6
16103.0,4,3,805.26,624.38
16105.0,66,1,336.96,0.0
16109.0,36,2,611.88,0.0
16110.0,79,2,693.93,643.55
16112.0,150,2,136.14,59.599999999999994
16115.0,30,3,510.9,1157.07
16116.0,29,1,612.78,0.0
16117.0,7,1,232.21,0.0
16121.0,33,1,287.89,579.22
16122.0,150,2,249.84,434.58000000000004
16124.0,134,1,249.0,0.0
16125.0,184,1,289.35,0.0
16126.0,1,2,1844.0,4443.77
16128.0,100,1,388.3,1491.92
16131.0,24,2,1664.52,1842.02
16133.0,3,12,6791.37,7797.67
16134.0,176,1,283.53000000000003,334.56
16135.0,80,1,517.55,0.0
16136.0,95,1,159.3,550.08
16139.0,24,1,139.79999999999998,495.61
16140.0,188,1,124.14,601.04
16142.0,67,1,535.34,0.0
16143.0,30,4,1574.17,850.77
16144.0,64,1,175.2,0.0
16145.0,43,4,1316.28,2483.21
16146.0,21,2,659.13,75.0
16148.0,113,1,76.32000000000001,0.0
16150.0,87,2,964.48,1088.54
16152.0,86,1,1829.04,0.0
16153.0,3,3,700.1,1124.13
16156.0,23,3,1060.57,2061.4700000000003
16159.0,99,1,348.2,0.0
16161.0,15,10,2288.1,3287.46
16162.0,69,1,37.4,0.0
16163.0,49,2,856.6,0.0
16168.0,3,10,1395.31,2392.29
16170.0,1,3,944.87,940.18
16172.0,59,1,199.38,940.83
16175.0,22,2,466.98,570.61
16180.0,28,4,2745.43,7508.75
16182.0,21,2,2517.0,4100.65
16184.0,28,1,148.22,1010.57
16185.0,50,1,335.0,194.41
16186.0,6,5,1347.35,2659.59
16187.0,20,7,2564.64,4346.8
16188.0,44,2,565.77,416.09
16191.0,80,8,2615.68,2564.84
16193.0,54,1,314.45,0.0
16202.0,178,1,365.27,0.0
16203.0,44,2,318.3,274.6
16206.0,26,2,288.75,248.31
16208.0,106,1,497.59,166.67
16209.0,4,2,568.0600000000001,1694.5600000000002
16210.0,30,9,10593.210000000001,10493.09
16212.0,100,1,498.15000000000003,192.19
16214.0,70,2,749.67,313.08000000000004
16216.0,84,1,914.9300000000001,0.0
16217.0,52,2,304.25,0.0
16218.0,24,4,1728.76,1355.92
16221.0,93,2,315.37,549.49
16222.0,135,1,846.72,0.0
16224.0,57,2,543.21,752.09
16225.0,94,2,416.61,679.71
16226.0,20,3,255.12,0.0
16227.0,42,1,314.22,0.0
16229.0,30,1,358.2,652.4
16230.0,7,2,542.03,0.0
16232.0,32,2,366.47,624.41
16233.0,147,2,326.5,210.18
16235.0,4,3,665.29,202.01999999999998
16239.0,7,1,347.9,66.3
16241.0,30,4,833.96,1773.91
16242.0,31,2,392.9,3210.31
16244.0,29,2,1522.75,0.0
16245.0,74,1,453.98,959.6800000000001
16249.0,18,2,1020.53,779.54
16250.0,78,2,389.44,0.0
16253.0,72,1,1700.4,1983.46
16255.0,63,4,1061.67,1558.24
16256.0,84,1,752.4300000000001,0.0
16258.0,36,1,1032.46,4171.05
16261.0,63,1,254.96,491.87
16265.0,78,5,2875.14,2571.86
16266.0,17,3,371.84,490.05
16270.0,170,1,1141.24,0.0
16271.0,175,1,133.22,1296.02
16274.0,190,1,357.95,0.0
16275.0,14,1,559.87,0.0
16282.0,157,1,168.3,0.0
16283.0,25,1,277.81,1293.0
16293.0,25,4,1129.74,1119.25
16297.0,86,1,301.9,0.0
16298.0,4,1,114.3,483.90000000000003
16303.0,150,1,827.1800000000001,4533.45
16306.0,31,6,632.27,0.0
16308.0,34,2,960.0,1600.0
16309.0,58,1,334.2,372.37
16315.0,148,1,226.37,0.0
16316.0,24,5,1829.1100000000001,1109.8
16317.0,114,1,570.76,770.89
16319.0,35,1,404.40000000000003,0.0
16320.0,30,1,852.68,185.78
16321.0,122,3,223.65,150.0
16323.0,13,1,207.50000000000003,0.0
16325.0,63,1,190.82000000000002,403.42
16326.0,32,3,535.6800000000001,2575.28
16327.0,16,4,2469.64,1374.58
16332.0,122,1,122.3,1470.9
16333.0,9,16,13087.2,13539.6
16339.0,101,1,109.95,0.0
16341.0,18,1,797.65,1174.22
16348.0,8,3,583.3199999999999,886.13
16349.0,108,1,53.5,0.0
16350.0,151,1,376.7,739.77
16351.0,150,1,153.9,0.0
16353.0,35,11,2155.28,4520.43
16356.0,15,3,211.77,0.0
16357.0,31,1,137.9,520.98
16358.0,1,1,462.15000000000003,1565.3500000000001
16359.0,31,5,1016.26,734.66
16365.0,70,3,489.35999999999996,1051.06
16367.0,180,1,170.91,633.58
16369.0,14,1,354.45,1199.21
16370.0,42,1,275.54,1045.02
16374.0,79,1,156.3,316.73
16377.0,84,1,676.2,0.0
16378.0,64,3,362.95,0.0
16383.0,85,1,309.46,358.90000000000003
16384.0,81,1,409.1,175.4
16385.0,183,1,148.23000000000002,407.66
16386.0,71,1,61.10000000000001,256.1
16387.0,140,1,94.36,0.0
16389.0,22,2,670.17,711.9
16392.0,87,1,221.19,0.0
16393.0,2,6,972.84,2073.37
16394.0,65,2,619.3,936.04
16395.0,141,2,450.56,1036.34
16398.0,71,1,1169.95,535.85
16399.0,52,1,178.41,230.16
16401.0,28,5,1661.8899999999999,2436.43
16402.0,82,2,299.6,0.0
16403.0,129,1,177.5,0.0
16405.0,119,2,167.25,0.0
16407.0,11,5,794.74,1332.19
16409.0,59,2,803.5600000000001,1225.32
16411.0,186,1,131.5,83.15
16414.0,97,1,50.8,75.45
16418.0,43,1,145.91,529.36
16419.0,92,2,516.9300000000001,455.3
16422.0,3,28,19292.85,15391.55
16424.0,8,1,133.56,0.0
16425.0,119,1,302.7,0.0
16426.0,93,1,328.37,1579.88
16427.0,80,2,241.06,0.0
16431.0,30,3,642.81,0.0
16434.0,9,3,724.22,798.03
16440.0,32,1,272.46,3368.21
16441.0,108,1,211.0,170.2
16442.0,45,2,437.03,179.76
16444.0,12,2,240.08,414.59
16446.0,23,1,2.9,168469.6
16448.0,15,1,188.89000000000001,0.0
16449.0,15,2,707.69,0.0
16455.0,22,5,1133.78,707.4
16456.0,45,3,1576.6100000000001,581.76
16457.0,35,1,208.36,0.0
16458.0,5,7,1305.7,2177.04
16462.0,3,2,68.0,68.0
16463.0,21,1,319.37,1103.03
16466.0,26,2,324.07,1279.39
16469.0,63,2,276.88,373.55
16470.0,10,2,345.66,416.73
16471.0,92,1,223.95000000000002,0.0
16473.0,104,2,217.81,98.3
16475.0,91,1,310.0,234.3
16477.0,31,5,1552.51,941.95
16483.0,9,1,139.35,0.0
16484.0,8,1,285.7,118.60000000000001
16493.0,102,2,367.8,983.83
16494.0,114,1,826.53,0.0
16495.0,93,2,246.51,437.9
16496.0,25,2,1185.04,414.48
16497.0,20,5,1550.7,1414.99
16499.0,177,2,365.45,0.0
16500.0,148,1,165.0,235.86
16503.0,31,3,1093.39,338.54
16509.0,114,1,363.7,0.0
16510.0,189,1,248.1,0.0
16511.0,84,1,340.75,609.51
16515.0,64,2,622.33,1004.8
16517.0,94,1,162.7,0.0
16518.0,101,1,190.7,293.62
16519.0,182,1,103.7,111.38
16520.0,3,3,1046.57,0.0
16523.0,17,8,2835.6,6582.87
16525.0,2,16,8187.11,4840.34
16529.0,7,1,455.25,0.0
16531.0,111,3,484.83,759.76
16532.0,156,1,1910.4,4838.4
16539.0,37,3,1053.61,335.2
16546.0,108,2,787.15,0.0
16549.0,151,1,119.49000000000001,4035.15
16550.0,2,3,1426.33,872.64
16551.0,154,1,311.07,611.05
16552.0,60,2,379.73,0.0
16553.0,22,9,4731.18,988.64
16554.0,39,2,314.11,522.99
16556.0,19,4,1638.82,1674.97
16558.0,10,10,3450.58,4887.91
16560.0,175,1,332.18,509.23
16565.0,181,1,173.7,0.0
16566.0,10,2,280.12,334.54
16567.0,11,2,865.6,0.0
16570.0,22,3,1473.23,2265.17
16571.0,99,1,436.68,985.01
16572.0,93,1,342.58,667.02
16573.0,107,1,292.63,370.98
16583.0,191,1,233.45,0.0
16584.0,71,1,611.94,324.14
16586.0,66,1,463.95,0.0
16587.0,49,1,225.15,0.0
16592.0,1,8,1520.98,2592.7
16593.0,7,2,255.5,74.53
16596.0,183,1,120.65,129.5
16598.0,103,1,145.04999999999998,0.0
16600.0,70,2,237.46,576.06
16607.0,25,7,1717.06,1630.65
16609.0,14,3,1987.6200000000001,3505.84
16610.0,36,1,75.66,0.0
16611.0,3,1,129.49,0.0
16612.0,4,2,708.9,478.76
16617.0,53,1,151.85,0.0
16618.0,28,4,1441.29,1206.3
16619.0,81,1,226.21,0.0
16620.0,78,1,95.75999999999999,83.2
16621.0,33,2,490.7,322.78
16623.0,63,1,129.45,0.0
16624.0,14,1,426.43,384.14
16625.0,92,1,333.08,0.0
16626.0,2,2,1391.8799999999999,3021.22
16628.0,35,2,712.91,1475.14
16633.0,51,1,447.52,2435.58
16634.0,40,2,217.9,0.0
16637.0,43,1,303.62,850.85
16638.0,74,6,1211.44,469.28000000000003
16639.0,24,2,471.15000000000003,786.36
16642.0,25,1,307.73,380.6
16643.0,63,1,487.51,0.0
16644.0,29,1,722.41,111.37
16647.0,22,1,127.75,86.31
16652.0,30,3,3054.62,3719.35
16654.0,4,3,537.25,64.02
16655.0,3,2,1230.7,2563.82
16656.0,10,6,3557.48,5068.32
16657.0,72,1,242.55,691.07
16658.0,185,1,123.24,0.0
16659.0,6,1,39.12,0.0
16660.0,28,2,384.36,883.29
16665.0,179,1,135.39999999999998,0.0
16667.0,101,1,203.35,366.78
16668.0,31,2,122.58,184.14
16670.0,65,5,1948.22,2147.68
16672.0,2,10,4154.34,3980.6
16676.0,30,3,1098.5,493.62
16678.0,15,5,1266.65,1843.34
16679.0,183,1,129.75,0.0
16681.0,22,3,875.84,894.5
16682.0,5,1,525.5,502.5
16684.0,23,13,25075.94,41577.62
16686.0,11,4,1229.57,1833.26
16690.0,19,1,86.5,139.07999999999998
16692.0,73,2,1276.0,0.0
16693.0,89,1,157.56,324.45
16696.0,20,3,558.9000000000001,99.0
16697.0,58,1,112.75,0.0
16698.0,44,2,1998.0,0.0
16700.0,18,7,2948.23,2128.32
16701.0,7,6,2198.29,3200.0099999999998
16705.0,25,8,6608.49,7426.5
16709.0,17,4,1984.5900000000001,1045.28
16710.0,24,6,1637.64,845.4
16711.0,119,2,598.8000000000001,1052.23
16712.0,29,4,1204.37,2441.06
16713.0,53,8,2611.63,4311.5
16714.0,36,3,1161.53,0.0
16716.0,84,2,901.2,0.0
16717.0,183,1,307.25,3551.13
16718.0,186,1,623.75,0.0
16719.0,53,4,978.23,812.19
16721.0,79,1,292.47,0.0
16722.0,1,6,2253.46,2477.35
16725.0,119,7,781.02,0.0
16726.0,13,4,795.19,586.83
16727.0,181,1,272.82,0.0
16728.0,54,2,326.93,727.74
16729.0,8,10,3128.82,4111.1
16730.0,52,2,480.94,262.17
16735.0,57,2,1097.92,1202.64
16738.0,115,1,3.75,0.0
16743.0,28,3,1061.75,1176.34
16745.0,1,10,4123.04,3071.26
16746.0,11,8,2889.18,3808.48
16748.0,35,3,910.2,605.7
16750.0,49,1,118.7,505.23
16752.0,190,1,207.5,0.0
16754.0,189,1,2002.4,0.0
16755.0,43,2,908.47,588.36
16756.0,32,1,239.4,0.0
16757.0,136,1,106.83000000000001,0.0
16763.0,16,1,611.85,0.0
16765.0,111,1,34.0,0.0
16766.0,90,2,1145.6,0.0
16767.0,36,3,2649.06,2931.54
16768.0,89,1,183.25,294.84000000000003
16769.0,77,1,380.39,0.0
16770.0,54,4,656.48,113.62
16771.0,92,3,1655.95,590.86
16775.0,23,4,691.8,1003.86
16777.0,74,1,177.25,49.1
16778.0,91,1,93.18,152.76
16779.0,36,10,3780.76,6848.96
16780.0,76,1,161.89,263.3
16781.0,189,1,311.25,0.0
16782.0,21,7,1348.3,931.6
16788.0,71,1,297.17,300.31
16791.0,30,4,576.15,1145.63
16792.0,99,2,110.38000000000001,0.0
16795.0,182,1,414.88,0.0
16801.0,10,3,1478.88,140.85
16804.0,87,1,118.05,418.94
16805.0,177,1,214.77,245.82
16806.0,37,2,414.37,387.12
16807.0,33,2,651.83,469.76
16808.0,91,1,166.5,121.92
16809.0,25,2,343.08,571.61
16810.0,9,1,309.54,0.0
16812.0,178,1,479.35,0.0
16813.0,9,2,316.8,1376.18
16814.0,10,12,4172.86,2336.2400000000002
16816.0,130,2,325.45,91.61
16817.0,3,7,1179.43,425.32
16818.0,9,3,1147.97,2201.6
16823.0,44,1,358.38,0.0
16825.0,3,1,318.7,456.48
16832.0,1,3,199.15,0.0
16833.0,77,3,671.29,435.24
16834.0,45,1,413.46,0.0
16835.0,190,1,81.75,99.1
16837.0,15,8,1814.74,1356.24
16838.0,14,2,588.85,0.0
16839.0,3,14,7043.27,9551.08
16841.0,2,3,943.18,926.64
16842.0,119,1,520.5699999999999,743.62
16843.0,14,6,3841.9,6354.67
16849.0,4,1,124.57,0.0
16850.0,151,1,332.41,0.0
16858.0,186,1,375.69000000000005,0.0
16859.0,78,1,259.84,487.96999999999997
16863.0,184,1,164.25,338.55
16871.0,28,4,2037.82,774.52
16872.0,1,1,388.36,291.66
16873.0,15,3,3233.45,3890.17
16875.0,113,3,805.09,1290.44
16877.0,25,1,77.75,775.97
16880.0,6,1,269.88,1249.2
16882.0,56,2,215.70000000000002,489.41999999999996
16883.0,4,2,276.73,0.0
16885.0,174,1,190.65,280.86
16889.0,12,3,1578.67,0.0
16891.0,189,1,232.26,577.44
16892.0,1,1,102.97999999999999,422.56
16893.0,184,1,145.93,0.0
16897.0,116,2,289.78,0.0
16898.0,186,1,116.08,392.73
16899.0,24,2,347.55,934.01
16904.0,42,6,1288.17,2466.1
16905.0,54,3,853.93,2248.5
16906.0,4,3,394.94,184.83
16907.0,51,3,584.0,397.65
16912.0,25,5,1165.66,1409.72
16913.0,107,1,113.44,0.0
16915.0,65,2,166.79,454.89000000000004
16916.0,189,1,198.08,378.18
16917.0,94,1,391.52,0.0
16918.0,134,1,275.78,793.04
16919.0,9,9,2055.35,541.1
16923.0,5,11,3832.4900000000002,3415.12
16926.0,188,1,230.25,0.0
16927.0,93,2,341.45,201.6
16928.0,7,7,1106.31,1741.29
16931.0,12,9,1903.1100000000001,2701.11
16933.0,56,1,224.73,338.5
16938.0,126,1,267.6,2468.78
16940.0,107,1,757.68,2292.2
16942.0,6,4,908.24,1012.35
16943.0,29,3,816.73,0.0
16945.0,19,8,1773.68,2571.82
16947.0,53,1,406.48,0.0
16948.0,79,2,240.54000000000002,194.48
16949.0,3,4,893.75,392.52
16950.0,184,1,172.0,1006.56
16951.0,121,1,1053.79,223.96
16954.0,72,3,941.48,1143.6
16955.0,2,4,518.67,0.0
16957.0,56,2,416.64,0.0
16960.0,70,1,201.53,305.52
16963.0,4,1,110.55000000000001,0.0
16965.0,44,1,201.19,0.0
16966.0,15,3,1154.3999999999999,1000.5699999999999
16967.0,6,1,319.02,0.0
16969.0,9,1,397.36,253.05
16976.0,84,1,251.51999999999998,0.0
16979.0,115,1,347.15,1504.85
16980.0,72,2,1078.96,0.0
16983.0,88,3,622.34,1308.9099999999999
16985.0,29,6,2915.36,2548.7599999999998
16987.0,22,1,213.05,1412.0
16990.0,36,1,179.0,0.0
16992.0,17,2,671.15,943.1600000000001
16996.0,62,4,700.8800000000001,756.08
16997.0,105,3,702.0,0.0
16998.0,21,3,287.1,7.9
17001.0,25,5,1801.94,2187.63
17002.0,33,2,993.52,500.21
17007.0,19,4,462.73,427.2
17015.0,2,1,524.5,1318.06
17017.0,22,11,4493.82,4200.44
17018.0,143,1,405.0,515.1
17019.0,79,3,995.93,276.68
17025.0,190,2,160.97,196.8
17026.0,2,2,154.82999999999998,0.0
17027.0,100,3,443.88,446.41
17029.0,54,1,358.0,358.0
17033.0,31,2,608.1,422.04
17034.0,105,1,141.79999999999998,603.72
17035.0,63,2,433.53000000000003,0.0
17041.0,178,1,304.5,777.07
17042.0,14,2,495.39,548.99
17043.0,83,1,174.6,1560.58
17045.0,65,1,39.95,299.49
17047.0,22,2,749.4300000000001,351.47
17048.0,100,2,760.4,164.95000000000002
17049.0,32,3,1581.8,4078.18
17050.0,4,5,2660.59,568.25
17051.0,11,1,247.14000000000001,0.0
17054.0,24,3,918.82,437.51
17058.0,16,2,819.66,360.23
17059.0,14,3,1510.67,1584.37
17060.0,83,1,234.24,0.0
17061.0,10,7,3250.23,1982.0
17062.0,131,4,538.37,0.0
17063.0,106,2,319.37,1141.77
17064.0,144,1,147.85,711.5
17068.0,6,11,2648.85,1903.29
17069.0,44,4,1073.07,1636.63
17071.0,5,4,1044.02,1385.01
17075.0,70,3,696.07,138.05
17076.0,91,2,334.2,506.88
17080.0,87,1,76.32000000000001,211.29999999999998
17082.0,135,1,636.94,1366.91
17083.0,113,2,996.02,409.76
17085.0,68,4,1218.9,347.75
17088.0,71,1,1015.83,975.1800000000001
17090.0,45,3,649.05,1394.9
17091.0,3,5,1994.41,1833.3500000000001
17092.0,94,1,134.9,1642.88
17094.0,139,1,302.0,0.0
17095.0,116,2,543.96,780.1999999999999
17096.0,79,1,133.49,888.64
17097.0,141,2,287.64,666.78
17102.0,79,1,25.5,0.0
17105.0,123,1,319.4,346.38
17107.0,26,2,4118.81,6696.62
17109.0,49,2,464.59000000000003,420.45
17114.0,25,4,446.09,362.53
17115.0,50,1,310.02,527.48
17117.0,105,1,116.19999999999999,0.0
17118.0,135,1,157.02,0.0
17120.0,50,1,307.46,0.0
17124.0,2,1,298.89,0.0
17126.0,117,2,515.27,489.48
17128.0,152,1,157.09,0.0
17133.0,7,3,2478.79,2413.4500000000003
17134.0,82,1,330.5,94.5
17135.0,107,2,500.55,639.18
17138.0,93,1,380.5,0.0
17139.0,28,4,4705.9,5962.57
17140.0,64,1,465.32,0.0
17142.0,56,1,579.0,0.0
17146.0,80,2,563.88,185.9
17147.0,24,2,973.11,741.48
17152.0,12,3,1689.5,0.0
17158.0,50,2,698.55,568.42
17160.0,42,2,1205.07,2312.96
17162.0,8,8,1165.28,550.1800000000001
17164.0,30,2,943.22,1524.13
17165.0,101,1,158.68,0.0
17166.0,21,1,127.59,78.75
17171.0,106,1,224.91,0.0
17174.0,35,1,59.9,0.0
17175.0,113,1,519.08,924.61
17176.0,19,1,306.13,0.0
17179.0,49,2,488.31,223.48
17180.0,58,3,564.86,231.17
17181.0,191,1,155.52,84.39999999999999
17187.0,44,1,203.95,0.0
17188.0,133,3,1424.44,1049.79
17189.0,176,1,227.22,157.18
17190.0,24,1,195.0,249.74
17191.0,9,5,1175.7,919.4300000000001
17194.0,91,2,262.62,0.0
17198.0,182,2,521.66,170.56
17204.0,58,2,1250.16,314.4
17211.0,50,5,1253.94,1063.28
17212.0,70,1,226.85,0.0
17213.0,133,3,936.95,1844.28
17214.0,66,4,613.67,455.45
17217.0,51,1,113.5,0.0
17218.0,31,5,948.58,1012.14
17220.0,23,5,1464.78,1733.47
17223.0,127,2,426.79,0.0
17226.0,126,1,393.49,0.0
17227.0,74,2,366.15,573.1700000000001
17228.0,25,4,687.58,1218.51
17230.0,81,8,3638.41,0.0
17231.0,7,6,1733.45,1440.8700000000001
17235.0,189,1,341.9,208.16
17236.0,59,4,563.82,352.31
17238.0,2,9,1548.19,2196.46
17239.0,130,1,382.5,0.0
17243.0,54,11,2864.1,5812.75
17245.0,22,1,171.45,0.0
17250.0,78,1,162.65,221.87
17251.0,180,1,283.28000000000003,0.0
17252.0,3,1,341.96,11.9
17255.0,116,1,112.46,185.95
17256.0,129,1,127.89999999999999,112.10000000000001
17259.0,185,1,381.64,221.73000000000002
17262.0,44,4,955.3600000000001,298.0
17263.0,25,1,63.440000000000005,0.0
17268.0,61,2,276.48,487.15999999999997
17272.0,16,2,1409.44,739.1899999999999
17277.0,45,2,1065.3500000000001,0.0
17278.0,58,1,246.04,0.0
17282.0,117,1,741.85,961.56
17284.0,53,2,928.45,724.13
17287.0,23,4,500.34,563.77
17288.0,24,5,663.7,756.03
17291.0,125,1,550.8000000000001,0.0
17293.0,125,2,469.35,1405.76
17302.0,26,2,303.12,832.51
17303.0,178,1,250.04,0.0
17306.0,21,8,3195.66,5435.650000000001
17311.0,134,1,556.46,828.39
17314.0,74,3,787.0,1740.92
17315.0,9,20,2902.4,3389.86
17320.0,53,2,910.1,290.52
17323.0,32,2,297.37,623.7
17324.0,149,2,702.23,288.0
17325.0,97,1,96.8,0.0
17329.0,132,1,243.36,279.75
17334.0,119,2,307.02,0.0
17337.0,28,3,1994.92,32.95
17338.0,22,5,3643.25,3000.68
17339.0,182,1,60.0,183.36
17340.0,10,4,5802.81,6550.4800000000005
17341.0,184,1,513.6,267.76
17343.0,172,1,193.64,0.0
17345.0,14,2,128.33,409.40999999999997
17346.0,4,6,964.77,1711.79
17348.0,115,1,160.15,999.37
17351.0,90,1,198.6,388.55
17356.0,129,1,178.22,0.0
17358.0,120,2,365.85,0.0
17360.0,1,1,330.95,254.84
17361.0,3,2,263.92,224.28
17362.0,56,2,312.23,0.0
17364.0,22,5,2101.85,2379.33
17365.0,17,4,1897.19,2904.37
17367.0,55,1,168.4,0.0
17368.0,76,3,888.92,1023.75
17371.0,178,1,97.63,326.26
17372.0,60,4,745.3000000000001,597.38
17373.0,130,1,145.25,501.67
17374.0,36,2,495.77,0.0
17375.0,16,3,400.1,0.0
17376.0,128,1,105.85,97.35
17377.0,73,7,1597.6200000000001,2503.3
17381.0,21,16,13818.130000000001,6457.48
17384.0,36,1,227.65,108.75
17388.0,28,2,763.2,496.36
17389.0,2,14,5127.54,26706.14
17392.0,124,2,457.91,0.0
17394.0,36,1,203.86999999999998,0.0
17396.0,189,1,397.5,6933.3
17398.0,28,2,528.45,124.92999999999999
17400.0,27,4,1312.52,817.44
17402.0,50,4,784.37,1849.48
17404.0,29,6,13853.62,18053.2
17406.0,150,3,2200.42,0.0
17409.0,2,2,771.85,0.0
17410.0,32,1,302.4,912.3199999999999
17411.0,78,1,285.58,493.36
17412.0,13,4,709.82,548.24
17414.0,2,1,598.0,180.0
17416.0,14,3,3448.01,3445.41
17418.0,141,1,167.39000000000001,296.07
17419.0,67,7,2045.8,2180.77
17420.0,191,1,130.85,467.98
17422.0,38,2,628.07,1351.3
17423.0,35,1,449.42,248.99
17426.0,99,1,1193.88,3843.38
17428.0,30,13,7288.82,9968.03
17429.0,2,2,376.14,148.78
17430.0,182,1,112.6,153.16
17431.0,130,1,403.3,0.0
17436.0,44,1,122.39999999999999,93.89999999999999
17438.0,71,1,388.45000000000005,0.0
17440.0,65,2,124.62,61.8
17442.0,38,2,814.8299999999999,1433.73
17443.0,37,1,534.24,0.0
17446.0,127,1,68.10000000000001,52.800000000000004
17449.0,51,3,1322.69,1198.17
17450.0,10,14,55760.26,138790.53
17454.0,9,4,517.53,0.0
17455.0,21,1,131.7,0.0
17456.0,182,1,249.86,0.0
17457.0,22,4,1397.6399999999999,340.06
17460.0,43,5,462.58000000000004,159.85000000000002
17462.0,101,1,463.40999999999997,212.28
17463.0,51,2,943.76,952.65
17469.0,22,1,305.36,1565.6100000000001
17470.0,35,3,623.11,501.96000000000004
17472.0,8,3,710.29,0.0
17486.0,78,1,396.87,0.0
17489.0,30,1,208.56,168.07999999999998
17491.0,1,4,1324.8600000000001,2234.01
17492.0,65,1,374.57,0.0
17496.0,176,1,271.05,0.0
17499.0,107,1,622.88,0.0
17501.0,38,2,288.6,0.0
17504.0,23,9,2997.0299999999997,0.0
17505.0,23,1,486.99,658.85
17507.0,79,2,605.58,0.0
17508.0,98,1,387.31,0.0
17511.0,23,15,35750.4,55311.98
17512.0,17,6,1302.42,1622.57
17515.0,23,3,571.37,67.65
17516.0,34,3,455.21,312.87
17517.0,126,1,153.94,0.0
17519.0,24,3,955.6,888.4200000000001
17521.0,16,1,159.56,563.65
17522.0,24,2,248.42,822.29
17524.0,178,1,145.0,0.0
17525.0,177,1,422.70000000000005,0.0
17526.0,108,3,872.8,323.1
17527.0,35,1,292.11,647.26
17530.0,23,6,1367.86,1017.14
17531.0,7,1,296.7,0.0
17535.0,97,1,164.4,0.0
17537.0,120,1,630.7,266.92
17540.0,133,1,268.8,310.1
17542.0,87,1,170.75,0.0
17548.0,51,1,103.3,0.0
17550.0,14,3,267.16,0.0
17551.0,176,1,306.84,0.0
17552.0,189,2,298.52,631.89
17555.0,152,1,195.45,287.81
17556.0,23,1,157.9,0.0
17560.0,21,2,486.05,368.90000000000003
17567.0,50,4,1873.97,2457.5099999999998
17569.0,149,1,344.14,0.0
17571.0,95,2,359.95,1138.56
17572.0,56,2,152.20000000000002,74.55
17574.0,60,1,185.65,0.0
17576.0,31,9,1440.03,2182.65
17578.0,35,1,143.45999999999998,0.0
17580.0,70,3,215.72,0.0
17581.0,30,10,3419.56,7625.48
17582.0,53,1,175.27,0.0
17585.0,80,2,521.53,611.54
17588.0,50,1,397.20000000000005,843.0
17589.0,4,2,1211.42,1192.75
17591.0,20,5,1649.5700000000002,576.4
17593.0,170,1,662.9,3264.44
17594.0,72,1,315.0,678.18
17596.0,8,3,1288.86,1539.07
17597.0,31,1,2044.3700000000001,0.0
17601.0,56,1,116.00999999999999,0.0
17602.0,141,1,767.0500000000001,4335.92
17604.0,34,2,309.36,0.0
17609.0,119,2,537.6899999999999,574.53
17611.0,18,6,2021.94,1962.28
17612.0,32,2,665.75,1382.7
17613.0,12,7,2527.01,2032.14
17615.0,21,2,272.3,57.3
17616.0,72,2,408.0,163.2
17618.0,65,2,666.78,304.8
17619.0,129,1,218.52,0.0
17621.0,129,2,901.78,478.12
17624.0,35,1,400.3,443.18
17625.0,75,1,549.68,1497.32
17629.0,32,3,606.1899999999999,1207.93
17630.0,49,1,335.5,168.1
17631.0,49,1,302.55,225.78
17634.0,30,5,1814.67,547.3
17639.0,93,1,108.5,0.0
17643.0,190,1,101.55,0.0
17644.0,20,3,921.77,1973.8700000000001
17646.0,36,3,1008.39,0.0
17648.0,10,3,1107.39,690.11
17652.0,8,3,1443.6000000000001,3424.1200000000003
17654.0,94,1,117.55,0.0
17655.0,27,4,1602.7,1036.24
17658.0,28,1,317.59999999999997,277.82
17659.0,2,5,1128.02,1871.44
17663.0,15,3,790.8100000000001,1012.1
17664.0,29,1,326.19,278.45
17667.0,28,3,1356.67,698.84
17669.0,27,3,1611.0,1795.72
17670.0,45,1,205.7,0.0
17671.0,28,2,786.73,785.98
17672.0,126,1,1177.8400000000001,2000.33
17673.0,3,3,1067.25,561.87
17674.0,186,1,300.66,250.38
17675.0,5,13,7745.61,12628.67
17676.0,183,1,300.7,1086.98
17677.0,30,11,6262.93,10100.3
17678.0,81,1,298.11,0.0
17682.0,10,3,1107.41,1366.92
17685.0,84,5,1512.72,1678.81
17686.0,17,4,3036.75,2702.71
17690.0,4,10,3063.93,1694.02
17691.0,175,2,290.40000000000003,0.0
17692.0,44,3,623.46,117.47999999999999
17696.0,3,4,837.59,1448.1200000000001
17697.0,53,1,338.95,0.0
17698.0,78,1,154.95,0.0
17700.0,30,2,1125.57,1409.07
17701.0,70,1,417.95,0.0
17702.0,23,1,439.8,1384.57
17704.0,57,1,387.29,497.90000000000003
17705.0,32,3,357.3,1466.22
17706.0,5,5,1191.27,9313.22
17707.0,2,2,152.4,0.0
17708.0,5,2,267.08,0.0
17711.0,107,1,220.53000000000003,164.57
17714.0,138,1,153.0,0.0
17715.0,18,1,326.4,0.0
17716.0,66,2,1451.62,4204.37
17718.0,49,1,139.35,0.0
17719.0,7,5,1971.46,3424.58
17720.0,43,2,532.38,663.56
17722.0,7,3,2100.88,323.16
17723.0,8,3,1161.8000000000002,2114.6000000000004
17725.0,9,4,1269.63,2169.45
17730.0,3,5,2031.4,3267.08
17732.0,190,1,303.97,0.0
17733.0,79,1,216.95000000000002,475.24
17734.0,51,1,112.97999999999999,587.65
17735.0,4,10,6121.16,6988.86
17738.0,99,1,779.92,1099.13
17739.0,14,3,1070.77,1720.58
17742.0,150,1,302.57,52.54
17744.0,68,4,1288.96,1033.44
17746.0,57,1,110.25,0.0
17749.0,73,1,369.01,305.51
17752.0,176,1,80.64,0.0
17754.0,77,1,264.24,1508.02
17757.0,8,15,2441.64,3163.65
17758.0,25,3,1054.83,2401.87
17760.0,190,1,172.54,115.05
17763.0,80,1,15.0,0.0
17764.0,28,1,261.97,556.85
17765.0,28,2,262.55,109.33
17769.0,96,2,884.76,3113.2200000000003
17770.0,16,5,1143.27,0.0
17771.0,140,1,115.8,130.01
17774.0,66,2,594.99,630.42
17775.0,72,1,56.4,0.0
17781.0,70,1,102.0,86.02
17783.0,65,1,112.41,171.06
17786.0,134,1,114.85,163.89
17787.0,122,3,1716.17,149.02
17789.0,98,1,225.9,0.0
17790.0,16,9,897.01,1068.54
17795.0,82,1,163.25,187.14000000000001
17796.0,131,3,622.0,75.9
17799.0,59,6,1388.33,1667.6
17800.0,35,3,354.85,844.16
17802.0,189,1,100.2,1184.84
17809.0,35,6,2650.7000000000003,2761.21
17811.0,4,18,4065.53,3772.2
17812.0,185,1,217.54999999999998,514.61
17816.0,86,2,21.31,15.25
17817.0,94,2,269.7,117.97999999999999
17819.0,12,5,2869.02,835.8499999999999
17827.0,59,4,1583.81,411.65
17828.0,2,1,833.16,986.93
17829.0,116,1,889.24,0.0
17830.0,79,2,287.65000000000003,111.05
17838.0,109,3,1687.7,1091.6
17841.0,1,49,12328.03,28663.54
17843.0,120,1,205.48,0.0
17848.0,66,4,388.37,512.8299999999999
17849.0,35,4,605.8000000000001,0.0
17850.0,189,34,5391.21,0.0
17854.0,2,2,311.26,0.0
17855.0,190,1,208.97,0.0
17856.0,50,3,1142.63,275.4
17857.0,24,9,8783.84,18095.2
17858.0,78,6,2619.7999999999997,2535.86
17859.0,122,1,148.21,0.0
17860.0,186,1,252.8,0.0
17861.0,70,2,457.98,1642.82
17862.0,141,1,330.9,0.0
17863.0,72,3,1371.9,1788.1
17864.0,93,1,208.41,389.09000000000003
17865.0,22,7,4161.66,6364.66
17867.0,20,2,604.0500000000001,593.0500000000001
17869.0,32,3,310.96,117.22
17870.0,184,1,326.4,1567.95
17871.0,22,1,155.9,0.0
17873.0,1,4,1587.1200000000001,272.04
17874.0,2,6,683.46,0.0
17880.0,182,1,458.92,0.0
17881.0,121,1,133.35000000000002,0.0
17883.0,63,1,119.35,552.42
17884.0,129,3,602.84,114.61
17886.0,28,2,396.26,503.35
17888.0,29,3,178.78,547.27
17889.0,29,2,203.87,0.0
17890.0,140,2,602.09,0.0
17893.0,42,1,112.25,0.0
17894.0,102,6,867.85,251.96
17897.0,184,2,434.62,131.98
17898.0,24,1,99.84,52.22
17900.0,7,2,112.19999999999999,0.0
17905.0,169,2,394.15,406.09000000000003
17906.0,64,1,72.9,0.0
17908.0,191,1,243.28,0.0
17912.0,127,5,311.01,0.0
17913.0,173,1,218.05,193.54999999999998
17917.0,73,2,230.46,110.82
17920.0,17,5,1573.59,2630.51
17921.0,83,1,280.57,545.95
17923.0,99,1,207.50000000000003,0.0
17924.0,119,2,502.20000000000005,2460.3
17925.0,190,1,244.08,0.0
17926.0,21,1,211.73000000000002,185.56
17928.0,63,1,78.25999999999999,134.28
17929.0,72,2,435.0,408.0
17930.0,56,1,390.6,1349.8799999999999
17931.0,73,1,297.2,111.16000000000001
17932.0,28,1,589.01,742.56
17937.0,75,4,3327.48,973.74
17940.0,35,5,3461.94,644.5
17946.0,50,2,149.57999999999998,0.0
17949.0,6,15,10632.0,47878.48
17950.0,182,2,263.17,219.03
17951.0,175,2,409.50000000000006,599.0400000000001
17954.0,2,8,1518.14,814.58
17955.0,16,4,557.3,0.0
17956.0,66,1,12.75,0.0
17961.0,13,20,874.39,422.05
17964.0,189,1,261.76,209.94
17965.0,70,6,1330.03,1292.54
17966.0,2,2,283.5,814.93
17967.0,189,1,123.07,0.0
17968.0,191,1,277.35,0.0
17969.0,178,1,125.2,103.0
17970.0,28,1,582.59,0.0
17972.0,59,1,136.04,0.0
17974.0,37,1,172.77,568.02
17975.0,10,7,2781.12,1707.69
17976.0,189,1,353.19,0.0
17978.0,182,1,300.91999999999996,0.0
17979.0,77,2,241.67,516.04
17980.0,21,2,562.75,248.7
17987.0,2,1,198.57,0.0
17988.0,144,1,64.99000000000001,136.13
17990.0,54,3,630.84,0.0
17991.0,42,2,93.35,0.0
17994.0,7,3,557.78,120.71000000000001
17995.0,99,1,76.1,0.0
17999.0,183,1,190.34,191.72
18004.0,179,1,169.47,0.0
18008.0,20,7,2065.41,50.78
18009.0,52,1,257.34,0.0
18010.0,74,1,174.8,0.0
18011.0,190,1,102.78999999999999,0.0
18016.0,3,3,488.76,994.8
18017.0,127,1,165.0,358.0
18018.0,16,1,37.45,84.69
18032.0,151,1,73.5,0.0
18036.0,63,1,110.8,294.82
18037.0,42,5,60.82,9.2
18040.0,63,1,239.0,118.2
18041.0,30,13,2631.0099999999998,1552.38
18043.0,24,2,451.81,107.7
18044.0,15,6,883.21,1205.39
18048.0,20,2,172.29000000000002,0.0
18050.0,176,1,74.4,0.0
18055.0,21,6,3362.53,3421.66
18056.0,105,1,363.65,0.0
18061.0,24,5,1190.6200000000001,928.79
18062.0,38,2,485.92,234.6
18064.0,52,1,408.0,406.0
18065.0,1,8,1412.15,980.6800000000001
18068.0,106,1,101.69999999999999,0.0
18069.0,52,2,689.56,1347.11
18071.0,75,2,453.0,0.0
18072.0,3,1,247.44,0.0
18073.0,2,3,504.24,3373.28
18074.0,191,1,489.6,0.0
18075.0,21,6,1270.72,1341.03
18077.0,44,4,879.38,1753.6299999999999
18078.0,34,2,336.13,0.0
18079.0,56,1,1612.83,2039.14
18080.0,60,1,841.4999999999999,390.0
18085.0,147,2,689.95,0.0
18086.0,91,1,101.34,0.0
18087.0,108,1,3202.9199999999996,852.8
18092.0,2,7,4670.04,4398.22
18093.0,115,2,1117.52,989.0
18094.0,36,3,1777.2,1240.1000000000001
18095.0,130,2,580.0500000000001,0.0
18097.0,22,3,1456.56,1241.24
18102.0,2,16,75641.63,184015.67
18106.0,147,1,430.7,0.0
18108.0,71,1,271.0,0.0
18109.0,11,11,2484.43,5568.54
18113.0,186,1,76.32000000000001,0.0
18114.0,107,1,220.1,0.0
18116.0,51,7,1254.47,163.56
18118.0,4,15,3519.54,2134.28
18119.0,185,1,181.12,0.0
18120.0,31,1,111.15,0.0
18125.0,19,3,945.14,197.85
18129.0,60,1,112.55000000000001,0.0
18133.0,29,1,931.4999999999999,0.0
18135.0,7,1,109.82000000000001,572.09
18136.0,29,2,600.85,183.48000000000002
18138.0,112,1,152.65,0.0
18142.0,33,1,282.48,737.04
18144.0,29,7,1605.65,1283.1
18145.0,22,2,1023.78,1837.77
18146.0,37,1,76.65,83.7
18149.0,33,2,549.68,62.400000000000006
18150.0,19,1,227.57999999999998,339.0
18151.0,107,1,312.55,340.8
18155.0,109,1,113.93,257.69
18156.0,187,1,206.23000000000002,528.71
18159.0,118,1,530.15,0.0
18160.0,17,1,318.55,319.51
18161.0,70,2,546.3199999999999,1072.3700000000001
18168.0,21,5,1054.79,115.15
18170.0,34,1,304.21,676.1
18171.0,56,2,464.59000000000003,766.72
18172.0,28,7,3720.16,3841.52
18173.0,16,3,1728.8400000000001,378.0
18176.0,175,1,476.35,0.0
18177.0,21,4,713.65,627.77
18178.0,37,3,1099.94,490.87
18179.0,69,4,1103.16,690.01
18183.0,44,2,632.07,0.0
18185.0,66,1,304.25,0.0
18188.0,107,1,426.6,1574.44
18189.0,85,1,633.1,457.14
18190.0,9,2,284.46000000000004,0.0
18191.0,79,1,207.79999999999998,0.0
18196.0,107,1,450.78,238.35
18198.0,5,11,3500.7900000000004,1924.77
18202.0,17,3,1396.99,0.0
18204.0,9,1,549.43,1444.27
18210.0,84,1,142.4,2478.98
18211.0,96,1,137.9,462.17
18212.0,143,1,248.42,0.0
18213.0,54,1,232.48000000000002,0.0
18218.0,28,2,662.08,0.0
18219.0,32,5,912.3100000000001,1157.46
18220.0,44,1,305.28000000000003,0.0
18221.0,2,2,537.01,504.6
18223.0,23,7,2757.48,3727.06
18224.0,81,1,158.95000000000002,0.0
18225.0,21,5,1668.07,3841.05
18226.0,3,6,2600.34,2627.71
18227.0,35,1,93.75,0.0
18229.0,1,9,3209.9,4067.0
18230.0,24,3,1254.3000000000002,1555.9
18231.0,9,5,2083.27,0.0
18232.0,10,2,370.98,221.99
18233.0,143,1,440.0,0.0
18235.0,34,1,430.46000000000004,1366.02
18236.0,3,2,304.5,577.74
18239.0,36,5,1561.6100000000001,0.0
18241.0,35,1,365.83,1707.26
18242.0,13,2,694.08,1538.41
18245.0,29,4,1306.29,1260.77
18246.0,50,1,232.9,363.2
18248.0,3,1,496.46000000000004,307.56
18250.0,127,1,349.27,0.0
18257.0,24,3,721.2,1616.43
18259.0,183,1,376.30000000000007,1962.3000000000002
18260.0,23,5,2216.07,427.13
18263.0,70,1,307.59999999999997,905.56
18269.0,183,1,168.6,0.0
18270.0,84,1,111.95,171.20000000000002
18272.0,42,2,980.54,2098.04
18273.0,75,1,51.0,153.0
18280.0,95,1,180.60000000000002,0.0
18283.0,18,5,535.05,1559.83
18287.0,19,1,765.28,1072.0
