CustomerID,Recency,Frequency,IsChurned_Rule
12346.0,326,1,1
12347.0,2,7,0
12348.0,75,4,0
12349.0,19,1,1
12350.0,310,1,1
12352.0,36,8,0
12353.0,204,1,1
12354.0,232,1,1
12355.0,214,1,1
12356.0,23,3,0
12357.0,33,1,1
12358.0,2,2,1
12359.0,58,4,0
12360.0,52,3,0
12361.0,287,1,1
12362.0,3,10,0
12363.0,110,2,1
12364.0,8,4,0
12365.0,291,2,1
12367.0,4,1,1
12370.0,51,4,0
12371.0,45,2,1
12372.0,72,3,0
12373.0,311,1,1
12374.0,25,1,1
12375.0,11,2,1
12377.0,315,2,1
12378.0,130,1,1
12379.0,82,2,1
12380.0,22,4,0
12381.0,5,5,0
12383.0,185,5,1
12384.0,29,2,1
12386.0,338,2,1
12388.0,16,6,0
12390.0,80,1,1
12391.0,22,1,1
12393.0,72,4,0
12394.0,64,2,1
12395.0,19,12,0
12397.0,36,2,1
12398.0,46,1,1
12399.0,119,4,1
12401.0,303,1,1
12402.0,323,1,1
12403.0,50,1,1
12405.0,149,1,1
12406.0,22,2,1
12407.0,50,5,0
12408.0,33,5,0
12409.0,79,3,0
12410.0,309,2,1
12412.0,75,3,0
12413.0,67,3,0
12414.0,217,3,1
12415.0,24,21,0
12417.0,3,9,0
12418.0,113,1,1
12420.0,64,1,1
12421.0,16,4,0
12422.0,96,3,1
12423.0,1,8,0
12424.0,163,2,1
12425.0,78,1,1
12426.0,195,1,1
12427.0,22,3,0
12428.0,26,9,0
12429.0,9,4,0
12430.0,43,1,1
12431.0,36,15,0
12432.0,43,5,0
12433.0,1,7,0
12434.0,85,2,1
12435.0,80,2,1
12436.0,100,1,1
12437.0,2,18,0
12438.0,14,2,1
12441.0,367,1,1
12442.0,3,1,1
12444.0,21,5,0
12445.0,22,1,1
12446.0,58,1,1
12447.0,243,1,1
12448.0,44,1,1
12449.0,22,4,0
12450.0,156,2,1
12451.0,11,5,0
12452.0,17,2,1
12453.0,134,1,1
12454.0,56,1,1
12455.0,73,6,0
12456.0,44,3,0
12457.0,66,7,0
12458.0,71,2,1
12461.0,94,2,1
12462.0,19,2,1
12463.0,53,4,0
12464.0,10,8,0
12465.0,17,2,1
12468.0,188,2,1
12471.0,2,30,0
12472.0,32,7,0
12473.0,29,5,0
12474.0,17,18,0
12475.0,54,1,1
12476.0,16,11,0
12477.0,23,6,0
12478.0,4,1,1
12479.0,11,1,1
12480.0,28,4,0
12481.0,23,10,0
12483.0,17,8,0
12484.0,33,6,0
12488.0,10,3,0
12489.0,336,1,1
12490.0,5,10,0
12491.0,39,1,1
12492.0,63,2,1
12493.0,166,2,1
12494.0,16,7,0
12497.0,82,1,1
12498.0,21,3,0
12500.0,23,11,0
12501.0,337,1,1
12502.0,96,5,1
12504.0,18,2,1
12506.0,233,1,1
12507.0,134,3,1
12508.0,26,2,1
12509.0,284,1,1
12510.0,143,2,1
12512.0,66,2,1
12513.0,113,1,1
12514.0,267,1,1
12515.0,353,1,1
12516.0,78,2,1
12517.0,28,5,0
12518.0,1,5,0
12519.0,64,1,1
12520.0,79,5,0
12521.0,143,1,1
12522.0,39,2,1
12523.0,19,11,0
12524.0,9,8,0
12526.0,1,3,0
12527.0,82,3,0
12528.0,9,6,0
12530.0,60,4,0
12531.0,15,1,1
12532.0,30,1,1
12534.0,131,1,1
12535.0,92,2,1
12536.0,43,3,0
12538.0,29,1,1
12539.0,22,4,0
12540.0,20,17,0
12541.0,30,3,0
12544.0,36,1,1
12545.0,75,2,1
12546.0,47,2,1
12547.0,198,2,1
12548.0,166,1,1
12550.0,79,1,1
12551.0,358,1,1
12552.0,39,2,1
12553.0,8,10,0
12556.0,50,2,1
12557.0,16,5,0
12558.0,8,1,1
12559.0,311,2,1
12560.0,5,3,0
12561.0,303,1,1
12562.0,8,7,0
12564.0,261,1,1
12565.0,289,1,1
12566.0,86,1,1
12567.0,23,10,0
12569.0,2,32,0
12571.0,40,2,1
12572.0,9,2,1
12573.0,227,1,1
12574.0,316,1,1
12576.0,36,5,0
12577.0,35,3,0
12578.0,21,2,1
12579.0,78,1,1
12580.0,247,1,1
12581.0,40,1,1
12582.0,239,2,1
12583.0,3,15,0
12584.0,4,9,0
12585.0,234,2,1
12586.0,17,1,1
12587.0,8,1,1
12588.0,39,1,1
12589.0,29,2,1
12590.0,211,2,1
12591.0,317,1,1
12592.0,92,2,1
12593.0,109,3,1
12594.0,38,10,0
12596.0,51,2,1
12597.0,19,4,0
12598.0,10,8,0
12599.0,29,7,0
12600.0,29,10,0
12601.0,190,5,1
12602.0,59,1,1
12603.0,22,1,1
12604.0,79,2,1
12607.0,60,1,1
12609.0,78,3,0
12610.0,23,5,0
12611.0,52,1,1
12612.0,74,1,1
12613.0,57,5,0
12614.0,278,1,1
12615.0,2,4,0
12616.0,95,2,1
12617.0,29,1,1
12618.0,22,1,1
12619.0,16,9,0
12620.0,15,3,0
12621.0,2,20,0
12622.0,232,1,1
12623.0,276,1,1
12624.0,106,2,1
12625.0,212,2,1
12626.0,23,9,0
12627.0,11,7,0
12628.0,4,3,0
12630.0,10,2,1
12631.0,57,1,1
12633.0,59,4,0
12635.0,90,2,1
12637.0,67,8,0
12638.0,33,1,1
12639.0,239,1,1
12640.0,24,3,0
12641.0,115,1,1
12642.0,25,3,0
12643.0,128,6,1
12644.0,130,1,1
12645.0,34,4,0
12646.0,5,2,1
12647.0,22,12,0
12648.0,155,1,1
12649.0,107,3,1
12650.0,3,1,1
12651.0,335,1,1
12652.0,331,1,1
12653.0,149,2,1
12654.0,11,5,0
12656.0,17,5,0
12657.0,11,4,0
12658.0,19,1,1
12659.0,30,1,1
12660.0,11,1,1
12662.0,1,11,0
12664.0,8,9,0
12665.0,325,1,1
12667.0,58,1,1
12668.0,12,4,0
12669.0,151,3,1
12670.0,10,5,0
12672.0,330,1,1
12673.0,5,2,1
12674.0,39,4,0
12676.0,25,6,0
12678.0,42,12,0
12679.0,59,4,0
12680.0,1,4,0
12681.0,15,22,0
12682.0,4,31,0
12683.0,4,15,0
12684.0,8,7,0
12685.0,28,6,0
12686.0,372,1,1
12688.0,114,1,1
12689.0,26,2,1
12690.0,206,1,1
12691.0,28,6,0
12693.0,127,4,1
12694.0,70,2,1
12695.0,7,4,0
12697.0,29,3,0
12700.0,8,4,0
12701.0,80,2,1
12702.0,20,1,1
12703.0,71,1,1
12704.0,7,8,0
12705.0,15,9,0
12707.0,292,1,1
12708.0,30,10,0
12709.0,15,15,0
12710.0,97,3,1
12712.0,29,13,0
12713.0,1,1,1
12714.0,9,5,0
12715.0,106,1,1
12716.0,4,2,1
12717.0,151,2,1
12718.0,71,1,1
12719.0,5,2,1
12720.0,3,25,0
12721.0,32,6,0
12722.0,85,4,0
12723.0,4,5,0
12724.0,5,4,0
12725.0,371,1,1
12726.0,28,7,0
12727.0,11,7,0
12728.0,71,4,0
12729.0,114,1,1
12731.0,24,12,0
12732.0,180,1,1
12733.0,234,1,1
12734.0,353,1,1
12735.0,315,2,1
12736.0,333,1,1
12738.0,372,1,1
12739.0,78,2,1
12740.0,64,1,1
12743.0,134,2,1
12744.0,52,7,0
12747.0,2,11,0
12748.0,1,209,0
12749.0,4,5,0
12750.0,129,1,1
12752.0,81,1,1
12753.0,23,6,0
12754.0,236,3,1
12755.0,281,2,1
12756.0,87,1,1
12757.0,16,13,0
12758.0,117,2,1
12759.0,52,3,0
12762.0,8,2,1
12763.0,138,2,1
12764.0,317,1,1
12766.0,4,7,0
12769.0,239,1,1
12770.0,211,1,1
12772.0,60,1,1
12775.0,17,5,0
12778.0,20,6,0
12779.0,38,8,0
12781.0,64,2,1
12782.0,5,5,0
12783.0,2,6,0
12784.0,9,2,1
12785.0,364,1,1
12787.0,10,3,0
12789.0,65,1,1
12790.0,192,1,1
12791.0,374,1,1
12792.0,257,1,1
12793.0,335,2,1
12794.0,53,2,1
12795.0,19,1,1
12797.0,366,1,1
12798.0,10,3,0
12802.0,187,1,1
12808.0,37,3,0
12809.0,178,1,1
12811.0,261,3,1
12812.0,45,1,1
12814.0,102,1,1
12815.0,148,2,1
12816.0,96,2,1
12817.0,281,1,1
12818.0,262,1,1
12820.0,3,4,0
12821.0,214,1,1
12822.0,71,2,1
12823.0,75,5,0
12824.0,60,1,1
12826.0,3,7,0
12827.0,6,3,0
12828.0,3,6,0
12829.0,337,2,1
12830.0,38,6,0
12831.0,262,1,1
12832.0,32,2,1
12833.0,145,1,1
12834.0,283,1,1
12836.0,59,4,0
12837.0,173,1,1
12838.0,34,2,1
12839.0,3,14,0
12840.0,144,4,1
12841.0,5,25,0
12842.0,70,2,1
12843.0,66,8,0
12844.0,29,2,1
12845.0,267,4,1
12847.0,22,1,1
12849.0,31,2,1
12851.0,97,1,1
12852.0,295,1,1
12853.0,135,6,1
12854.0,79,3,0
12855.0,373,1,1
12856.0,8,6,0
12857.0,211,2,1
12863.0,52,1,1
12864.0,138,1,1
12865.0,26,2,1
12866.0,283,1,1
12867.0,26,7,0
12868.0,186,6,1
12871.0,84,2,1
12872.0,327,2,1
12873.0,282,1,1
12875.0,143,2,1
12876.0,58,2,1
12877.0,4,12,0
12878.0,236,2,1
12879.0,45,3,0
12881.0,276,1,1
12882.0,9,2,1
12883.0,25,4,0
12884.0,88,1,1
12885.0,63,3,0
12886.0,68,2,1
12888.0,214,2,1
12890.0,24,1,1
12891.0,186,3,1
12893.0,31,1,1
12895.0,42,2,1
12897.0,205,2,1
12901.0,9,28,0
12902.0,265,1,1
12904.0,18,2,1
12906.0,12,5,0
12908.0,176,2,1
12909.0,40,5,0
12910.0,23,8,0
12912.0,3,5,0
12913.0,5,5,0
12915.0,149,2,1
12916.0,139,4,1
12917.0,128,1,1
12919.0,8,6,0
12920.0,17,1,1
12921.0,9,37,0
12922.0,161,1,1
12923.0,64,1,1
12924.0,88,4,0
12925.0,5,2,1
12928.0,35,5,0
12929.0,312,1,1
12930.0,78,2,1
12931.0,22,15,0
12933.0,24,3,0
12935.0,2,7,0
12936.0,17,4,0
12937.0,15,4,0
12938.0,26,1,1
12939.0,64,8,0
12940.0,55,2,1
12942.0,131,3,1
12944.0,36,2,1
12945.0,288,1,1
12947.0,144,6,1
12948.0,16,7,0
12949.0,31,8,0
12950.0,2,3,0
12951.0,9,6,0
12952.0,6,4,0
12953.0,10,1,1
12955.0,1,11,0
12956.0,306,1,1
12957.0,10,8,0
12962.0,7,2,1
12963.0,8,8,0
12965.0,89,1,1
12966.0,10,1,1
12967.0,358,2,1
12968.0,112,1,1
12970.0,7,4,0
12971.0,4,86,0
12974.0,198,1,1
12976.0,212,1,1
12977.0,156,1,1
12980.0,158,9,1
12981.0,30,2,1
12982.0,243,1,1
12984.0,19,1,1
12985.0,1,2,1
12987.0,74,2,1
12988.0,292,1,1
12989.0,3,15,0
12990.0,31,3,0
12991.0,23,2,1
12993.0,23,4,0
12994.0,4,3,0
12995.0,85,1,1
12997.0,22,4,0
12999.0,196,3,1
13000.0,107,3,1
13001.0,4,13,0
13002.0,318,1,1
13003.0,106,3,1
13004.0,12,18,0
13005.0,174,2,1
13006.0,56,1,1
13008.0,323,1,1
13011.0,372,1,1
13012.0,9,8,0
13013.0,1,13,0
13014.0,11,10,0
13015.0,53,5,0
13016.0,73,3,0
13017.0,7,1,1
13018.0,16,28,0
13021.0,4,9,0
13023.0,64,2,1
13026.0,1,5,0
13027.0,114,6,1
13028.0,23,2,1
13029.0,31,3,0
13030.0,11,2,1
13032.0,52,2,1
13033.0,357,1,1
13034.0,55,2,1
13035.0,74,2,1
13037.0,138,3,1
13038.0,80,3,0
13040.0,9,2,1
13043.0,273,1,1
13044.0,291,1,1
13045.0,99,1,1
13046.0,31,2,1
13047.0,32,10,0
13048.0,14,4,0
13049.0,64,2,1
13050.0,15,17,0
13052.0,212,1,1
13055.0,78,3,0
13058.0,25,3,0
13059.0,250,1,1
13060.0,254,1,1
13061.0,72,1,1
13062.0,191,1,1
13064.0,13,4,0
13065.0,373,1,1
13066.0,24,2,1
13067.0,82,1,1
13068.0,10,2,1
13069.0,1,24,0
13070.0,192,1,1
13072.0,267,1,1
13075.0,130,1,1
13077.0,1,4,0
13078.0,3,26,0
13079.0,4,5,0
13080.0,179,1,1
13081.0,12,11,0
13082.0,126,9,1
13083.0,4,2,1
13085.0,158,2,1
13089.0,3,97,0
13090.0,9,14,0
13091.0,28,1,1
13092.0,71,5,0
13093.0,276,8,1
13094.0,21,12,0
13095.0,71,1,1
13097.0,33,10,0
13098.0,1,28,0
13099.0,99,1,1
13101.0,234,1,1
13102.0,1,24,0
13103.0,40,1,1
13104.0,3,6,0
13106.0,133,1,1
13107.0,44,4,0
13108.0,373,1,1
13109.0,60,2,1
13110.0,31,7,0
13113.0,1,24,0
13115.0,12,4,0
13116.0,138,1,1
13117.0,22,8,0
13118.0,20,5,0
13120.0,239,1,1
13121.0,269,1,1
13122.0,94,2,1
13124.0,90,3,0
13126.0,5,8,0
13127.0,78,1,1
13130.0,94,1,1
13131.0,23,3,0
13132.0,262,1,1
13133.0,274,2,1
13134.0,86,4,0
13135.0,197,1,1
13136.0,56,5,0
13137.0,11,8,0
13138.0,22,6,0
13139.0,16,7,0
13140.0,108,3,1
13141.0,85,5,0
13142.0,19,1,1
13144.0,333,1,1
13145.0,40,4,0
13146.0,26,1,1
13147.0,10,4,0
13148.0,29,12,0
13149.0,14,4,0
13151.0,296,1,1
13153.0,6,1,1
13155.0,33,4,0
13157.0,49,4,0
13158.0,95,4,1
13159.0,9,4,0
13160.0,22,1,1
13161.0,313,1,1
13162.0,122,4,1
13165.0,46,2,1
13166.0,283,1,1
13167.0,19,4,0
13168.0,36,4,0
13169.0,64,2,1
13170.0,27,1,1
13171.0,22,3,0
13173.0,4,2,1
13174.0,16,3,0
13176.0,46,1,1
13177.0,65,1,1
13178.0,26,11,0
13182.0,45,1,1
13183.0,8,9,0
13184.0,15,10,0
13185.0,268,1,1
13186.0,40,3,0
13187.0,337,1,1
13188.0,11,1,1
13189.0,19,2,1
13192.0,95,2,1
13193.0,61,1,1
13194.0,136,1,1
13196.0,11,4,0
13198.0,10,6,0
13199.0,4,38,0
13200.0,19,4,0
13203.0,10,4,0
13207.0,15,2,1
13208.0,59,6,0
13209.0,30,8,0
13210.0,94,1,1
13211.0,10,3,0
13212.0,20,3,0
13213.0,57,5,0
13216.0,268,1,1
13217.0,122,3,1
13218.0,127,1,1
13220.0,78,4,0
13221.0,240,2,1
13223.0,200,2,1
13224.0,60,2,1
13225.0,3,7,0
13226.0,273,1,1
13227.0,202,1,1
13228.0,81,1,1
13229.0,226,1,1
13230.0,4,14,0
13232.0,13,7,0
13233.0,74,2,1
13235.0,212,1,1
13236.0,25,2,1
13238.0,17,4,0
13239.0,262,1,1
13240.0,96,4,1
13242.0,112,3,1
13243.0,203,1,1
13244.0,93,1,1
13245.0,51,1,1
13246.0,18,6,0
13247.0,18,4,0
13248.0,125,2,1
13249.0,92,3,1
13253.0,157,2,1
13255.0,9,2,1
13258.0,12,3,0
13259.0,62,1,1
13260.0,61,1,1
13261.0,269,2,1
13262.0,263,1,1
13263.0,1,35,0
13265.0,53,5,0
13266.0,11,12,0
13267.0,3,19,0
13268.0,18,11,0
13269.0,1,15,0
13270.0,366,1,1
13271.0,37,1,1
13272.0,31,2,1
13273.0,113,1,1
13276.0,64,2,1
13277.0,16,4,0
13278.0,41,1,1
13279.0,78,1,1
13280.0,122,3,1
13282.0,18,3,0
13283.0,60,2,1
13284.0,331,1,1
13285.0,23,4,0
13291.0,156,1,1
13292.0,39,2,1
13294.0,190,2,1
13295.0,360,1,1
13296.0,137,1,1
13297.0,8,4,0
13298.0,1,1,1
13299.0,268,1,1
13300.0,169,1,1
13301.0,104,4,1
13302.0,155,1,1
13304.0,351,1,1
13305.0,4,10,0
13307.0,120,1,1
13308.0,23,3,0
13309.0,7,5,0
13310.0,28,3,0
13311.0,4,2,1
13313.0,22,5,0
13314.0,2,3,0
13316.0,37,4,0
13317.0,66,6,0
13318.0,1,3,0
13319.0,5,26,0
13320.0,78,4,0
13321.0,72,2,1
13322.0,17,1,1
13323.0,3,5,0
13324.0,36,10,0
13325.0,82,1,1
13327.0,39,8,0
13328.0,316,1,1
13329.0,32,2,1
13330.0,93,3,1
13332.0,14,1,1
13334.0,82,3,0
13336.0,77,1,1
13338.0,158,1,1
13339.0,201,1,1
13340.0,45,7,0
13341.0,261,1,1
13343.0,178,1,1
13344.0,68,3,0
13345.0,288,1,1
13347.0,70,1,1
13348.0,64,1,1
13349.0,11,1,1
13350.0,16,2,1
13351.0,66,1,1
13352.0,60,1,1
13354.0,71,1,1
13355.0,122,1,1
13356.0,80,1,1
13357.0,257,1,1
13358.0,269,1,1
13359.0,64,1,1
13362.0,9,4,0
13363.0,18,2,1
13364.0,71,1,1
13365.0,34,2,1
13366.0,50,1,1
13368.0,257,2,1
13369.0,366,1,1
13370.0,372,1,1
13372.0,90,1,1
13373.0,61,3,0
13375.0,89,1,1
13376.0,99,3,1
13379.0,26,3,0
13381.0,32,6,0
13382.0,281,1,1
13384.0,31,7,0
13385.0,330,1,1
13388.0,131,2,1
13389.0,11,3,0
13390.0,75,1,1
13391.0,204,1,1
13394.0,2,8,0
13395.0,185,1,1
13396.0,29,2,1
13397.0,73,5,0
13398.0,192,1,1
13402.0,127,2,1
13403.0,18,1,1
13404.0,1,2,1
13405.0,74,3,0
13408.0,2,62,0
13410.0,24,5,0
13411.0,107,1,1
13414.0,134,3,1
13416.0,44,2,1
13417.0,5,2,1
13418.0,12,18,0
13419.0,64,1,1
13420.0,150,2,1
13421.0,40,2,1
13422.0,64,1,1
13425.0,108,3,1
13426.0,1,10,0
13427.0,19,3,0
13428.0,10,1,1
13429.0,11,4,0
13430.0,19,2,1
13431.0,67,2,1
13434.0,74,2,1
13435.0,5,7,0
13436.0,2,1,1
13437.0,14,7,0
13439.0,255,1,1
13441.0,92,1,1
13447.0,23,3,0
13448.0,17,6,0
13449.0,24,1,1
13450.0,27,6,0
13451.0,26,5,0
13452.0,259,2,1
13453.0,166,2,1
13455.0,25,2,1
13456.0,18,6,0
13458.0,7,14,0
13460.0,29,2,1
13461.0,39,3,0
13462.0,253,1,1
13464.0,58,1,1
13466.0,184,1,1
13467.0,11,2,1
13468.0,2,37,0
13470.0,99,2,1
13471.0,1,4,0
13473.0,61,2,1
13474.0,236,1,1
13475.0,191,4,1
13476.0,179,2,1
13477.0,38,6,0
13479.0,201,2,1
13481.0,46,5,0
13482.0,232,1,1
13483.0,66,1,1
13484.0,241,1,1
13485.0,233,1,1
13486.0,78,3,0
13487.0,58,3,0
13488.0,17,13,0
13489.0,105,4,1
13491.0,52,10,0
13492.0,136,3,1
13493.0,275,2,1
13494.0,312,1,1
13495.0,8,5,0
13496.0,11,2,1
13497.0,283,2,1
13499.0,18,5,0
13500.0,23,3,0
13501.0,288,1,1
13502.0,17,3,0
13503.0,71,1,1
13504.0,64,1,1
13505.0,73,4,0
13506.0,316,2,1
13507.0,3,4,0
13508.0,244,1,1
13509.0,9,7,0
13510.0,1,4,0
13512.0,261,1,1
13513.0,127,1,1
13514.0,74,1,1
13515.0,73,4,0
13516.0,21,3,0
13517.0,60,3,0
13518.0,86,1,1
13519.0,78,1,1
13520.0,59,6,0
13521.0,1,3,0
13522.0,30,1,1
13523.0,33,5,0
13524.0,41,5,0
13525.0,15,2,1
13527.0,34,7,0
13529.0,79,2,1
13531.0,205,2,1
13532.0,34,1,1
13533.0,183,3,1
13534.0,2,25,0
13536.0,1,7,0
13538.0,43,7,0
13539.0,86,3,0
13544.0,40,2,1
13546.0,12,3,0
13548.0,96,2,1
13549.0,26,7,0
13551.0,319,1,1
13552.0,66,12,0
13555.0,74,4,0
13557.0,28,2,1
13558.0,6,4,0
13560.0,7,1,1
13561.0,216,1,1
13562.0,82,3,0
13563.0,84,2,1
13564.0,144,3,1
13565.0,19,2,1
13566.0,41,2,1
13568.0,173,1,1
13569.0,17,2,1
13570.0,243,1,1
13571.0,13,12,0
13572.0,206,1,1
13573.0,50,2,1
13575.0,23,5,0
13576.0,10,18,0
13577.0,25,4,0
13579.0,15,2,1
13581.0,309,1,1
13583.0,156,1,1
13584.0,307,1,1
13587.0,64,1,1
13588.0,16,9,0
13589.0,15,2,1
13590.0,11,6,0
13591.0,65,3,0
13592.0,36,4,0
13593.0,108,5,1
13594.0,53,1,1
13596.0,6,2,1
13598.0,47,1,1
13599.0,1,21,0
13600.0,312,1,1
13601.0,45,2,1
13602.0,65,1,1
13603.0,26,1,1
13606.0,29,3,0
13607.0,40,1,1
13610.0,12,7,0
13611.0,89,3,0
13614.0,24,4,0
13615.0,319,1,1
13617.0,40,3,0
13618.0,174,1,1
13621.0,117,1,1
13623.0,31,5,0
13626.0,253,1,1
13627.0,59,5,0
13629.0,23,11,0
13630.0,5,7,0
13631.0,100,11,1
13632.0,25,5,0
13634.0,33,5,0
13635.0,68,1,1
13636.0,37,5,0
13637.0,52,3,0
13638.0,16,1,1
13639.0,74,1,1
13642.0,216,1,1
13643.0,31,3,0
13644.0,16,4,0
13645.0,120,1,1
13647.0,10,4,0
13649.0,257,2,1
13650.0,17,6,0
13651.0,35,2,1
13652.0,46,3,0
13654.0,43,6,0
13655.0,114,2,1
13656.0,165,2,1
13657.0,11,2,1
13658.0,10,5,0
13659.0,206,2,1
13662.0,86,3,0
13663.0,179,1,1
13666.0,60,3,0
13667.0,149,1,1
13668.0,3,21,0
13669.0,51,2,1
13670.0,75,1,1
13672.0,301,2,1
13673.0,19,2,1
13675.0,151,2,1
13678.0,152,1,1
13680.0,1,4,0
13681.0,18,4,0
13682.0,187,1,1
13684.0,286,1,1
13685.0,3,7,0
13686.0,183,1,1
13689.0,63,1,1
13690.0,59,1,1
13692.0,25,3,0
13694.0,4,50,0
13695.0,31,15,0
13697.0,39,1,1
13699.0,155,1,1
13700.0,26,10,0
13703.0,318,1,1
13704.0,5,9,0
13705.0,8,3,0
13706.0,303,1,1
13707.0,267,2,1
13708.0,271,1,1
13709.0,4,13,0
13710.0,32,1,1
13711.0,219,2,1
13712.0,247,1,1
13715.0,281,5,1
13716.0,269,1,1
13717.0,32,6,0
13718.0,246,2,1
13719.0,15,5,0
13720.0,117,4,1
13721.0,36,1,1
13722.0,132,3,1
13723.0,217,1,1
13725.0,50,8,0
13726.0,39,2,1
13727.0,29,2,1
13728.0,37,6,0
13730.0,136,2,1
13731.0,219,2,1
13732.0,28,1,1
13735.0,25,4,0
13736.0,5,2,1
13737.0,200,1,1
13739.0,18,1,1
13740.0,241,1,1
13741.0,72,3,0
13742.0,17,12,0
13743.0,3,7,0
13744.0,95,2,1
13745.0,162,1,1
13747.0,374,1,1
13748.0,96,5,1
13750.0,54,5,0
13751.0,288,1,1
13752.0,124,6,1
13753.0,288,1,1
13754.0,152,2,1
13755.0,4,9,0
13756.0,2,14,0
13758.0,12,7,0
13759.0,33,2,1
13760.0,54,2,1
13761.0,50,2,1
13762.0,219,1,1
13763.0,63,1,1
13764.0,71,3,0
13767.0,2,37,0
13769.0,2,10,0
13771.0,64,4,0
13772.0,34,3,0
13774.0,82,1,1
13777.0,1,33,0
13778.0,103,1,1
13780.0,7,2,1
13781.0,251,1,1
13782.0,13,6,0
13784.0,10,11,0
13786.0,367,1,1
13787.0,76,2,1
13790.0,4,1,1
13791.0,128,2,1
13792.0,66,2,1
13798.0,1,57,0
13799.0,117,2,1
13800.0,310,1,1
13801.0,67,1,1
13802.0,139,3,1
13803.0,255,1,1
13804.0,31,7,0
13805.0,52,2,1
13806.0,64,1,1
13807.0,367,1,1
13808.0,6,5,0
13809.0,305,1,1
13810.0,29,3,0
13811.0,184,3,1
13812.0,42,3,0
13813.0,40,4,0
13814.0,92,2,1
13815.0,22,4,0
13816.0,24,2,1
13817.0,29,2,1
13819.0,302,3,1
13821.0,145,2,1
13822.0,6,2,1
13823.0,19,2,1
13824.0,33,5,0
13826.0,176,1,1
13827.0,58,3,0
13828.0,22,1,1
13831.0,16,6,0
13832.0,19,1,1
13833.0,159,1,1
13835.0,25,4,0
13837.0,212,2,1
13838.0,6,4,0
13841.0,253,1,1
13842.0,59,9,0
13844.0,11,1,1
13845.0,65,1,1
13846.0,25,3,0
13848.0,92,3,1
13849.0,52,2,1
13850.0,129,1,1
13851.0,96,3,1
13853.0,57,1,1
13854.0,9,25,0
13856.0,169,3,1
13858.0,57,1,1
13859.0,326,1,1
13860.0,1,5,0
13862.0,18,8,0
13863.0,248,1,1
13865.0,58,4,0
13866.0,74,1,1
13867.0,31,3,0
13868.0,7,2,1
13869.0,123,4,1
13870.0,2,8,0
13871.0,23,13,0
13873.0,120,3,1
13874.0,358,1,1
13875.0,54,5,0
13876.0,64,1,1
13877.0,86,1,1
13878.0,55,1,1
13880.0,21,13,0
13881.0,4,20,0
13882.0,3,5,0
13883.0,11,5,0
13884.0,7,5,0
13885.0,189,2,1
13886.0,71,1,1
13887.0,204,1,1
13888.0,120,2,1
13889.0,93,1,1
13890.0,1,10,0
13892.0,27,4,0
13893.0,298,1,1
13894.0,24,3,0
13895.0,28,4,0
13897.0,50,1,1
13898.0,326,1,1
13899.0,16,2,1
13900.0,183,3,1
13901.0,72,5,0
13904.0,37,2,1
13908.0,80,4,0
13911.0,57,9,0
13914.0,12,2,1
13917.0,50,2,1
13918.0,50,2,1
13919.0,59,2,1
13922.0,352,1,1
13923.0,54,1,1
13924.0,2,6,0
13925.0,93,4,1
13926.0,23,1,1
13927.0,75,1,1
13928.0,11,4,0
13929.0,169,2,1
13930.0,58,2,1
13931.0,96,2,1
13932.0,295,1,1
13933.0,109,2,1
13934.0,264,1,1
13936.0,180,1,1
13937.0,169,1,1
13938.0,35,1,1
13939.0,23,3,0
13940.0,17,4,0
13941.0,22,5,0
13946.0,79,3,0
13947.0,65,1,1
13948.0,361,1,1
13949.0,3,6,0
13950.0,11,4,0
13951.0,176,3,1
13952.0,218,2,1
13953.0,7,7,0
13954.0,2,2,1
13955.0,154,2,1
13956.0,5,5,0
13959.0,79,3,0
13960.0,21,2,1
13962.0,22,2,1
13963.0,308,4,1
13967.0,146,1,1
13969.0,7,18,0
13971.0,19,8,0
13972.0,71,2,1
13973.0,287,1,1
13974.0,49,1,1
13975.0,31,6,0
13976.0,207,1,1
13978.0,15,2,1
13979.0,73,1,1
13980.0,60,1,1
13982.0,39,4,0
13983.0,30,12,0
13984.0,27,5,0
13985.0,4,15,0
13986.0,17,1,1
13988.0,20,6,0
13989.0,66,2,1
13990.0,213,1,1
13991.0,12,6,0
13992.0,30,1,1
13993.0,43,9,0
13994.0,4,6,0
13995.0,15,5,0
13999.0,10,12,0
14000.0,211,1,1
14001.0,46,3,0
14002.0,134,2,1
14004.0,43,7,0
14005.0,10,5,0
14006.0,116,3,1
14009.0,198,2,1
14012.0,278,1,1
14013.0,110,3,1
14014.0,77,1,1
14015.0,53,1,1
14016.0,162,4,1
14019.0,47,3,0
14020.0,17,2,1
14021.0,155,3,1
14022.0,225,1,1
14023.0,7,2,1
14024.0,122,2,1
14027.0,61,1,1
14029.0,63,2,1
14030.0,18,8,0
14031.0,7,19,0
14032.0,2,11,0
14034.0,22,3,0
14035.0,29,5,0
14036.0,285,1,1
14037.0,176,2,1
14038.0,78,3,0
14039.0,33,1,1
14040.0,41,12,0
14041.0,266,1,1
14044.0,27,4,0
14045.0,109,4,1
14046.0,284,1,1
14047.0,9,5,0
14048.0,305,1,1
14049.0,17,4,0
14050.0,32,2,1
14051.0,1,23,0
14052.0,20,1,1
14053.0,124,2,1
14054.0,65,1,1
14055.0,106,1,1
14056.0,1,23,0
14057.0,24,17,0
14059.0,267,1,1
14060.0,5,19,0
14062.0,10,12,0
14064.0,29,5,0
14066.0,267,1,1
14067.0,64,2,1
14068.0,320,1,1
14071.0,4,8,0
14073.0,32,1,1
14075.0,5,3,0
14076.0,129,1,1
14077.0,41,5,0
14078.0,102,6,1
14079.0,125,1,1
14080.0,33,1,1
14081.0,302,2,1
14082.0,365,1,1
14083.0,4,9,0
14085.0,2,18,0
14087.0,3,1,1
14088.0,10,13,0
14089.0,57,1,1
14090.0,325,1,1
14092.0,8,14,0
14093.0,12,1,1
14096.0,4,17,0
14098.0,37,1,1
14099.0,16,11,0
14100.0,138,1,1
14101.0,74,6,0
14102.0,5,5,0
14104.0,155,2,1
14105.0,239,1,1
14107.0,52,7,0
14108.0,31,2,1
14109.0,73,1,1
14110.0,4,12,0
14111.0,14,4,0
14112.0,23,7,0
14113.0,4,4,0
14114.0,274,2,1
14116.0,20,5,0
14117.0,144,1,1
14121.0,4,4,0
14124.0,84,1,1
14125.0,11,3,0
14126.0,8,3,0
14127.0,123,3,1
14128.0,61,2,1
14129.0,2,5,0
14130.0,319,1,1
14132.0,2,11,0
14133.0,130,3,1
14135.0,2,15,0
14138.0,2,2,1
14139.0,46,1,1
14140.0,4,2,1
14141.0,3,4,0
14142.0,373,1,1
14143.0,134,1,1
14145.0,47,4,0
14146.0,9,5,0
14147.0,78,2,1
14148.0,234,1,1
14149.0,221,1,1
14150.0,36,2,1
14152.0,75,2,1
14154.0,239,2,1
14155.0,266,1,1
14156.0,10,55,0
14157.0,20,2,1
14158.0,40,1,1
14159.0,20,11,0
14161.0,216,3,1
14162.0,174,2,1
14163.0,87,4,0
14164.0,71,2,1
14165.0,276,1,1
14167.0,39,4,0
14171.0,98,1,1
14173.0,11,4,0
14174.0,33,1,1
14175.0,60,3,0
14176.0,297,4,1
14177.0,86,4,0
14178.0,9,7,0
14179.0,41,2,1
14180.0,11,25,0
14184.0,67,1,1
14185.0,331,1,1
14188.0,31,6,0
14189.0,2,15,0
14191.0,2,13,0
14193.0,68,2,1
14194.0,5,21,0
14195.0,202,2,1
14196.0,107,1,1
14198.0,18,4,0
14199.0,218,1,1
14201.0,60,7,0
14204.0,2,1,1
14205.0,17,2,1
14206.0,239,1,1
14208.0,95,1,1
14209.0,11,6,0
14210.0,106,6,1
14211.0,53,9,0
14212.0,90,1,1
14214.0,31,5,0
14215.0,12,6,0
14216.0,3,4,0
14217.0,2,17,0
14218.0,43,1,1
14219.0,4,1,1
14220.0,247,2,1
14221.0,42,9,0
14222.0,177,1,1
14223.0,92,3,1
14224.0,110,4,1
14226.0,29,5,0
14227.0,26,10,0
14229.0,52,3,0
14231.0,184,3,1
14232.0,43,5,0
14233.0,49,4,0
14234.0,22,4,0
14235.0,75,5,0
14236.0,81,2,1
14237.0,373,1,1
14238.0,326,1,1
14239.0,43,11,0
14240.0,30,2,1
14241.0,184,1,1
14242.0,235,2,1
14243.0,9,10,0
14245.0,220,2,1
14246.0,111,3,1
14247.0,278,1,1
14248.0,318,1,1
14250.0,7,3,0
14251.0,2,5,0
14256.0,260,2,1
14257.0,64,5,0
14258.0,9,9,0
14259.0,142,1,1
14261.0,51,2,1
14262.0,8,8,0
14264.0,155,2,1
14265.0,109,2,1
14267.0,163,3,1
14270.0,332,1,1
14271.0,226,1,1
14272.0,74,2,1
14273.0,51,4,0
14276.0,99,3,1
14277.0,15,3,0
14280.0,197,1,1
14282.0,3,15,0
14284.0,31,2,1
14285.0,21,4,0
14286.0,24,3,0
14287.0,8,3,0
14288.0,213,1,1
14289.0,9,6,0
14290.0,11,5,0
14291.0,2,11,0
14292.0,8,9,0
14293.0,3,4,0
14295.0,40,1,1
14297.0,18,4,0
14298.0,8,44,0
14299.0,8,9,0
14300.0,19,1,1
14301.0,117,1,1
14304.0,223,1,1
14305.0,71,3,0
14306.0,51,2,1
14307.0,89,6,0
14309.0,8,9,0
14311.0,243,1,1
14312.0,47,6,0
14314.0,107,1,1
14315.0,45,6,0
14317.0,65,1,1
14320.0,207,2,1
14321.0,11,5,0
14323.0,115,2,1
14326.0,242,1,1
14327.0,163,1,1
14329.0,17,7,0
14331.0,124,2,1
14332.0,23,3,0
14333.0,68,1,1
14334.0,17,8,0
14335.0,16,2,1
14336.0,17,4,0
14338.0,161,2,1
14339.0,243,1,1
14340.0,219,1,1
14341.0,45,8,0
14342.0,21,4,0
14344.0,127,8,1
14345.0,39,1,1
14346.0,121,2,1
14348.0,260,1,1
14349.0,10,1,1
14350.0,274,1,1
14351.0,165,1,1
14352.0,157,4,1
14353.0,215,1,1
14354.0,6,2,1
14355.0,366,1,1
14356.0,80,2,1
14357.0,43,1,1
14359.0,19,3,0
14360.0,32,4,0
14362.0,22,1,1
14364.0,109,8,1
14367.0,8,16,0
14368.0,320,1,1
14371.0,295,1,1
14373.0,358,1,1
14375.0,185,1,1
14377.0,191,2,1
14379.0,44,2,1
14381.0,52,1,1
14382.0,26,1,1
14383.0,38,3,0
14385.0,9,3,0
14386.0,297,1,1
14387.0,33,3,0
14388.0,10,8,0
14389.0,65,2,1
14390.0,10,9,0
14393.0,218,1,1
14395.0,2,9,0
14396.0,65,2,1
14397.0,3,19,0
14400.0,149,1,1
14401.0,4,13,0
14403.0,130,4,1
14404.0,34,6,0
14406.0,119,1,1
14407.0,107,6,1
14408.0,11,7,0
14409.0,71,6,0
14410.0,92,9,1
14411.0,311,1,1
14412.0,43,2,1
14413.0,362,1,1
14414.0,92,7,1
14415.0,1,13,0
14416.0,22,2,1
14418.0,4,3,0
14419.0,11,6,0
14420.0,99,1,1
14421.0,57,2,1
14422.0,1,6,0
14423.0,218,1,1
14424.0,18,1,1
14426.0,24,10,0
14427.0,50,2,1
14428.0,7,5,0
14431.0,303,1,1
14432.0,10,6,0
14434.0,22,6,0
14436.0,99,1,1
14437.0,366,1,1
14438.0,306,1,1
14439.0,320,1,1
14440.0,8,5,0
14441.0,1,4,0
14442.0,205,2,1
14443.0,54,4,0
14446.0,1,4,0
14447.0,19,5,0
14448.0,9,2,1
14449.0,19,4,0
14450.0,181,3,1
14451.0,60,2,1
14452.0,11,2,1
14453.0,190,1,1
14456.0,5,9,0
14457.0,311,1,1
14459.0,155,1,1
14460.0,110,3,1
14461.0,148,3,1
14462.0,66,11,0
14463.0,98,3,1
14465.0,247,3,1
14466.0,29,7,0
14467.0,18,4,0
14470.0,12,2,1
14472.0,104,8,1
14473.0,74,2,1
14474.0,46,1,1
14475.0,72,3,0
14476.0,257,1,1
14477.0,20,4,0
14479.0,254,2,1
14480.0,11,1,1
14481.0,165,2,1
14482.0,18,6,0
14483.0,282,1,1
14484.0,50,1,1
14485.0,39,1,1
14487.0,27,6,0
14488.0,68,1,1
14489.0,207,1,1
14491.0,175,2,1
14493.0,7,5,0
14494.0,26,1,1
14495.0,51,2,1
14496.0,312,2,1
14497.0,309,1,1
14498.0,43,5,0
14499.0,26,3,0
14500.0,88,3,0
14501.0,184,2,1
14502.0,20,11,0
14503.0,3,6,0
14504.0,47,4,0
14505.0,17,8,0
14506.0,17,5,0
14507.0,24,6,0
14508.0,22,2,1
14511.0,11,5,0
14512.0,188,2,1
14513.0,101,3,1
14514.0,61,3,0
14515.0,18,6,0
14517.0,33,2,1
14518.0,64,1,1
14520.0,2,2,1
14522.0,24,4,0
14523.0,108,1,1
14524.0,32,9,0
14525.0,20,9,0
14527.0,3,55,0
14528.0,37,1,1
14529.0,60,3,0
14530.0,26,6,0
14532.0,236,4,1
14533.0,25,7,0
14534.0,3,18,0
14535.0,60,3,0
14536.0,260,1,1
14537.0,58,1,1
14538.0,65,2,1
14539.0,16,2,1
14540.0,10,3,0
14541.0,59,8,0
14542.0,186,1,1
14543.0,29,16,0
14544.0,24,2,1
14546.0,5,5,0
14547.0,4,8,0
14548.0,151,2,1
14549.0,311,1,1
14550.0,11,2,1
14551.0,18,2,1
14552.0,152,1,1
14553.0,19,5,0
14554.0,10,4,0
14555.0,57,2,1
14557.0,85,1,1
14560.0,7,22,0
14561.0,76,3,0
14562.0,4,18,0
14565.0,96,4,1
14566.0,111,1,1
14567.0,57,2,1
14569.0,1,1,1
14570.0,281,2,1
14572.0,3,7,0
14573.0,180,9,1
14576.0,372,1,1
14577.0,13,4,0
14578.0,3,1,1
14581.0,17,1,1
14582.0,41,1,1
14583.0,6,5,0
14584.0,169,4,1
14585.0,50,1,1
14586.0,277,1,1
14587.0,19,9,0
14589.0,372,1,1
14591.0,15,4,0
14592.0,35,3,0
14593.0,22,3,0
14594.0,7,2,1
14595.0,20,6,0
14597.0,11,2,1
14598.0,44,1,1
14600.0,306,1,1
14601.0,11,1,1
14603.0,275,1,1
14606.0,1,93,0
14607.0,16,14,0
14608.0,4,4,0
14609.0,72,4,0
14616.0,243,3,1
14618.0,9,3,0
14619.0,246,1,1
14620.0,206,2,1
14621.0,1,5,0
14622.0,185,1,1
14623.0,32,5,0
14624.0,57,2,1
14625.0,196,2,1
14626.0,24,4,0
14628.0,91,2,1
14629.0,4,2,1
14631.0,51,3,0
14632.0,263,1,1
14633.0,266,1,1
14636.0,36,2,1
14638.0,51,1,1
14639.0,52,6,0
14640.0,24,6,0
14641.0,22,1,1
14642.0,59,1,1
14643.0,170,2,1
14644.0,68,2,1
14645.0,157,2,1
14646.0,2,73,0
14647.0,201,1,1
14649.0,5,4,0
14651.0,67,2,1
14652.0,77,1,1
14653.0,1,7,0
14655.0,8,4,0
14656.0,169,2,1
14657.0,18,4,0
14658.0,5,2,1
14659.0,9,9,0
14660.0,87,2,1
14661.0,27,1,1
14662.0,29,4,0
14664.0,20,2,1
14665.0,61,5,0
14666.0,24,1,1
14667.0,11,25,0
14669.0,242,3,1
14670.0,280,2,1
14672.0,235,2,1
14673.0,3,5,0
14675.0,16,1,1
14676.0,31,6,0
14680.0,25,16,0
14681.0,71,3,0
14682.0,188,2,1
14684.0,26,5,0
14687.0,107,1,1
14688.0,8,21,0
14689.0,209,1,1
14690.0,44,2,1
14691.0,31,5,0
14692.0,137,4,1
14693.0,265,1,1
14696.0,4,7,0
14697.0,218,2,1
14698.0,2,5,0
14699.0,214,1,1
14700.0,32,3,0
14701.0,11,9,0
14702.0,1,17,0
14703.0,15,1,1
14704.0,11,9,0
14705.0,199,1,1
14708.0,3,3,0
14709.0,15,13,0
14710.0,14,4,0
14711.0,10,11,0
14712.0,29,3,0
14713.0,9,11,0
14714.0,24,1,1
14715.0,25,4,0
14716.0,43,2,1
14719.0,2,5,0
14720.0,6,3,0
14722.0,147,1,1
14723.0,10,6,0
14725.0,25,1,1
14727.0,274,1,1
14729.0,374,1,1
14730.0,1,8,0
14731.0,47,3,0
14732.0,8,8,0
14733.0,16,12,0
14735.0,4,32,0
14737.0,4,3,0
14738.0,43,7,0
14739.0,4,7,0
14740.0,197,3,1
14741.0,12,6,0
14744.0,16,7,0
14745.0,113,5,1
14747.0,249,1,1
14748.0,29,5,0
14752.0,44,1,1
14753.0,87,1,1
14754.0,45,2,1
14755.0,10,11,0
14756.0,15,1,1
14757.0,75,1,1
14758.0,145,4,1
14759.0,5,3,0
14760.0,297,1,1
14761.0,59,2,1
14762.0,264,1,1
14764.0,47,1,1
14765.0,29,3,0
14766.0,8,6,0
14768.0,17,2,1
14769.0,3,8,0
14770.0,232,2,1
14772.0,112,1,1
14775.0,58,3,0
14776.0,51,11,0
14778.0,127,2,1
14779.0,281,3,1
14780.0,55,2,1
14782.0,320,1,1
14784.0,26,2,1
14785.0,10,2,1
14788.0,7,2,1
14789.0,29,1,1
14790.0,17,4,0
14792.0,64,1,1
14793.0,21,1,1
14794.0,3,7,0
14795.0,166,1,1
14796.0,1,17,0
14798.0,53,3,0
14799.0,51,1,1
14800.0,48,12,0
14801.0,61,1,1
14803.0,162,3,1
14804.0,9,1,1
14805.0,15,4,0
14806.0,75,1,1
14808.0,40,8,0
14810.0,41,11,0
14813.0,370,2,1
14815.0,37,2,1
14816.0,197,1,1
14817.0,200,2,1
14818.0,74,3,0
14819.0,64,2,1
14820.0,21,4,0
14821.0,367,1,1
14823.0,180,3,1
14824.0,10,4,0
14825.0,4,12,0
14828.0,197,3,1
14829.0,29,4,0
14830.0,53,1,1
14834.0,18,6,0
14836.0,10,3,0
14837.0,90,4,0
14840.0,268,1,1
14841.0,53,6,0
14842.0,44,4,0
14844.0,64,4,0
14847.0,149,1,1
14849.0,22,25,0
14850.0,312,1,1
14851.0,23,2,1
14852.0,58,6,0
14853.0,24,2,1
14854.0,78,7,0
14855.0,119,2,1
14856.0,36,3,0
14857.0,60,2,1
14859.0,13,4,0
14860.0,19,1,1
14861.0,52,1,1
14862.0,26,2,1
14863.0,29,1,1
14865.0,7,2,1
14866.0,11,12,0
14867.0,186,3,1
14868.0,3,8,0
14869.0,9,2,1
14870.0,262,1,1
14871.0,3,4,0
14873.0,210,1,1
14875.0,108,2,1
14878.0,13,9,0
14880.0,77,3,0
14881.0,20,1,1
14882.0,27,2,1
14883.0,19,6,0
14885.0,132,1,1
14886.0,253,1,1
14887.0,79,1,1
14888.0,207,1,1
14889.0,336,1,1
14890.0,254,1,1
14891.0,148,2,1
14893.0,10,2,1
14894.0,85,1,1
14895.0,8,20,0
14896.0,205,2,1
14897.0,8,4,0
14898.0,23,6,0
14901.0,11,9,0
14902.0,26,1,1
14903.0,21,5,0
14904.0,2,2,1
14905.0,158,2,1
14907.0,3,7,0
14908.0,74,1,1
14910.0,3,4,0
14911.0,1,201,0
14912.0,17,2,1
14913.0,36,4,0
14915.0,91,2,1
14916.0,71,4,0
14918.0,116,2,1
14920.0,213,2,1
14921.0,30,2,1
14923.0,51,1,1
14924.0,246,1,1
14929.0,32,1,1
14930.0,109,3,1
14931.0,5,5,0
14932.0,366,1,1
14934.0,82,2,1
14935.0,297,1,1
14936.0,34,8,0
14937.0,57,3,0
14944.0,30,12,0
14946.0,14,1,1
14947.0,72,2,1
14948.0,23,6,0
14950.0,19,1,1
14951.0,79,1,1
14952.0,60,11,0
14953.0,25,1,1
14954.0,12,1,1
14957.0,253,1,1
14958.0,147,3,1
14959.0,64,4,0
14960.0,8,2,1
14961.0,11,9,0
14962.0,271,1,1
14963.0,10,5,0
14964.0,247,1,1
14965.0,96,2,1
14966.0,15,1,1
14967.0,50,1,1
14968.0,30,1,1
14970.0,68,4,0
14971.0,35,3,0
14972.0,128,1,1
14973.0,107,3,1
14974.0,37,1,1
14975.0,57,1,1
14976.0,57,7,0
14978.0,72,5,0
14981.0,246,1,1
14984.0,19,2,1
14985.0,198,2,1
14987.0,16,2,1
14988.0,212,1,1
14995.0,39,2,1
14997.0,46,3,0
14998.0,170,2,1
15000.0,48,1,1
15002.0,116,4,1
15004.0,147,1,1
15005.0,16,28,0
15006.0,51,1,1
15007.0,159,1,1
15009.0,12,3,0
15010.0,36,1,1
15012.0,54,2,1
15014.0,43,2,1
15016.0,173,1,1
15017.0,34,1,1
15018.0,39,3,0
15019.0,267,1,1
15021.0,9,9,0
15022.0,12,4,0
15023.0,3,11,0
15024.0,10,10,0
15025.0,33,1,1
15026.0,80,3,0
15027.0,31,4,0
15028.0,8,4,0
15030.0,72,2,1
15031.0,4,4,0
15032.0,256,3,1
15033.0,5,10,0
15034.0,16,8,0
15035.0,90,1,1
15036.0,72,3,0
15038.0,59,6,0
15039.0,10,47,0
15041.0,170,1,1
15042.0,199,1,1
15043.0,31,1,1
15044.0,19,17,0
15045.0,152,2,1
15046.0,9,15,0
15047.0,270,1,1
15048.0,65,4,0
15049.0,274,1,1
15050.0,25,3,0
15051.0,23,3,0
15052.0,319,1,1
15053.0,5,3,0
15054.0,12,2,1
15057.0,275,2,1
15058.0,25,11,0
15059.0,41,9,0
15060.0,8,4,0
15061.0,4,48,0
15062.0,71,4,0
15063.0,213,1,1
15065.0,38,4,0
15066.0,53,1,1
15067.0,78,3,0
15068.0,46,2,1
15069.0,179,1,1
15070.0,373,1,1
15071.0,94,2,1
15073.0,10,3,0
15074.0,105,1,1
15075.0,78,1,1
15076.0,173,1,1
15078.0,7,32,0
15079.0,213,4,1
15081.0,22,5,0
15083.0,257,1,1
15087.0,282,1,1
15088.0,21,2,1
15089.0,10,6,0
15090.0,308,1,1
15091.0,68,1,1
15092.0,215,2,1
15093.0,18,6,0
15095.0,104,4,1
15096.0,43,1,1
15097.0,4,1,1
15098.0,182,3,1
15099.0,84,1,1
15100.0,334,3,1
15101.0,9,2,1
15103.0,31,2,1
15104.0,197,2,1
15105.0,18,7,0
15106.0,18,5,0
15107.0,311,6,1
15108.0,142,4,1
15109.0,246,1,1
15110.0,24,4,0
15111.0,29,3,0
15113.0,10,3,0
15114.0,30,10,0
15115.0,18,1,1
15116.0,18,4,0
15117.0,15,5,0
15118.0,134,1,1
15119.0,246,1,1
15120.0,134,1,1
15121.0,50,2,1
15122.0,114,3,1
15123.0,7,2,1
15124.0,23,2,1
15125.0,25,15,0
15127.0,66,1,1
15128.0,60,4,0
15129.0,50,11,0
15130.0,170,1,1
15132.0,18,5,0
15133.0,128,3,1
15134.0,15,8,0
15135.0,239,1,1
15136.0,3,4,0
15139.0,240,2,1
15140.0,52,7,0
15142.0,46,1,1
15143.0,226,1,1
15144.0,8,17,0
15145.0,4,4,0
15146.0,165,2,1
15147.0,240,1,1
15148.0,11,1,1
15149.0,134,1,1
15150.0,17,10,0
15152.0,10,13,0
15153.0,31,1,1
15154.0,75,1,1
15156.0,1,3,0
15157.0,4,3,0
15158.0,45,1,1
15159.0,2,30,0
15160.0,357,1,1
15163.0,18,2,1
15164.0,69,3,0
15165.0,373,1,1
15167.0,321,1,1
15168.0,26,1,1
15171.0,331,1,1
15172.0,9,5,0
15174.0,323,1,1
15175.0,72,1,1
15178.0,260,1,1
15179.0,18,5,0
15180.0,367,1,1
15181.0,66,3,0
15182.0,154,2,1
15184.0,29,2,1
15185.0,70,1,1
15186.0,14,2,1
15187.0,2,16,0
15189.0,1,41,0
15192.0,120,3,1
15193.0,61,1,1
15194.0,3,15,0
15195.0,3,1,1
15197.0,11,3,0
15198.0,92,2,1
15199.0,59,4,0
15201.0,87,5,0
15203.0,26,6,0
15204.0,357,1,1
15205.0,85,2,1
15206.0,10,4,0
15208.0,1,5,0
15210.0,225,1,1
15211.0,60,2,1
15212.0,241,1,1
15213.0,319,2,1
15214.0,2,8,0
15215.0,47,3,0
15216.0,88,1,1
15218.0,11,11,0
15219.0,176,1,1
15220.0,52,6,0
15221.0,366,1,1
15222.0,319,1,1
15223.0,226,2,1
15224.0,358,2,1
15225.0,234,1,1
15226.0,311,1,1
15227.0,37,5,0
15228.0,66,4,0
15230.0,239,2,1
15232.0,113,2,1
15234.0,277,1,1
15235.0,218,12,1
15236.0,299,1,1
15237.0,2,4,0
15238.0,29,3,0
15239.0,10,2,1
15240.0,45,5,0
15241.0,67,8,0
15243.0,74,1,1
15244.0,65,2,1
15245.0,134,3,1
15246.0,238,2,1
15247.0,122,1,1
15249.0,32,13,0
15251.0,9,11,0
15252.0,36,2,1
15253.0,16,5,0
15254.0,127,1,1
15255.0,67,1,1
15256.0,149,1,1
15257.0,283,1,1
15258.0,169,2,1
15260.0,100,7,1
15261.0,135,1,1
15262.0,324,1,1
15263.0,107,1,1
15264.0,64,1,1
15265.0,151,2,1
15266.0,338,1,1
15267.0,22,5,0
15269.0,24,1,1
15270.0,16,7,0
15271.0,7,15,0
15272.0,57,2,1
15274.0,4,2,1
15275.0,38,1,1
15276.0,66,1,1
15277.0,47,1,1
15279.0,355,1,1
15280.0,172,1,1
15281.0,59,9,0
15286.0,50,1,1
15287.0,22,2,1
15288.0,43,5,0
15289.0,29,3,0
15290.0,5,18,0
15291.0,26,15,0
15292.0,201,1,1
15296.0,51,6,0
15297.0,10,3,0
15298.0,2,12,0
15299.0,67,7,0
15300.0,64,1,1
15301.0,51,12,0
15303.0,290,1,1
15304.0,61,8,0
15306.0,64,3,0
15307.0,96,1,1
15308.0,274,1,1
15311.0,1,91,0
15312.0,75,4,0
15313.0,110,1,1
15314.0,199,1,1
15315.0,64,2,1
15316.0,327,1,1
15318.0,4,1,1
15319.0,284,1,1
15320.0,44,1,1
15321.0,71,3,0
15322.0,86,1,1
15325.0,104,1,1
15326.0,334,1,1
15327.0,53,1,1
15329.0,39,3,0
15330.0,32,2,1
15332.0,366,4,1
15333.0,208,1,1
15334.0,157,3,1
15335.0,54,1,1
15339.0,66,2,1
15341.0,81,1,1
15342.0,130,1,1
15343.0,87,1,1
15344.0,1,3,0
15345.0,46,1,1
15346.0,333,1,1
15347.0,366,1,1
15348.0,72,1,1
15349.0,158,2,1
15350.0,373,1,1
15351.0,12,7,0
15353.0,255,2,1
15355.0,29,2,1
15356.0,31,10,0
15358.0,5,22,0
15360.0,40,1,1
15361.0,362,1,1
15363.0,373,1,1
15364.0,96,2,1
15365.0,26,7,0
15366.0,75,2,1
15367.0,57,4,0
15368.0,21,1,1
15370.0,41,7,0
15372.0,137,1,1
15373.0,8,12,0
15374.0,129,1,1
15376.0,40,3,0
15379.0,169,7,1
15380.0,9,5,0
15381.0,214,2,1
15382.0,15,6,0
15384.0,170,2,1
15385.0,40,1,1
15386.0,186,1,1
15388.0,270,1,1
15389.0,172,1,1
15392.0,5,4,0
15393.0,16,2,1
15394.0,10,4,0
15395.0,326,1,1
15396.0,113,1,1
15397.0,290,1,1
15398.0,16,2,1
15399.0,1,3,0
15400.0,92,5,1
15402.0,149,2,1
15405.0,189,1,1
15406.0,31,2,1
15407.0,34,4,0
15408.0,264,1,1
15410.0,84,8,0
15411.0,26,4,0
15412.0,171,1,1
15414.0,10,3,0
15415.0,313,1,1
15416.0,65,4,0
15417.0,85,1,1
15419.0,25,1,1
15421.0,59,4,0
15422.0,323,2,1
15423.0,38,1,1
15424.0,254,2,1
15426.0,19,5,0
15427.0,33,3,0
15428.0,15,1,1
15429.0,27,2,1
15432.0,23,1,1
15433.0,214,2,1
15434.0,8,5,0
15435.0,22,1,1
15436.0,12,3,0
15437.0,262,1,1
15438.0,131,1,1
15440.0,55,3,0
15442.0,249,1,1
15443.0,2,7,0
15444.0,9,2,1
15445.0,264,1,1
15447.0,331,1,1
15448.0,313,1,1
15449.0,26,3,0
15450.0,30,1,1
15452.0,30,3,0
15453.0,2,7,0
15454.0,362,1,1
15456.0,283,3,1
15457.0,262,1,1
15458.0,25,1,1
15460.0,354,1,1
15462.0,94,3,1
15463.0,29,1,1
15464.0,338,1,1
15465.0,20,18,0
15466.0,85,1,1
15467.0,9,3,0
15468.0,51,2,1
15469.0,50,2,1
15471.0,2,1,1
15472.0,113,1,1
15473.0,14,7,0
15475.0,77,1,1
15478.0,40,2,1
15480.0,116,1,1
15482.0,16,12,0
15483.0,161,4,1
15484.0,1,4,0
15485.0,30,3,0
15488.0,93,1,1
15489.0,23,3,0
15491.0,95,6,1
15492.0,28,2,1
15493.0,33,5,0
15494.0,21,2,1
15497.0,18,2,1
15498.0,3,27,0
15500.0,8,4,0
15502.0,16,12,0
15503.0,363,1,1
15504.0,81,1,1
15505.0,53,5,0
15506.0,23,3,0
15507.0,172,1,1
15508.0,189,6,1
15510.0,331,1,1
15511.0,12,5,0
15512.0,156,2,1
15513.0,33,19,0
15514.0,12,11,0
15516.0,45,3,0
15517.0,233,1,1
15518.0,64,8,0
15520.0,2,1,1
15521.0,40,8,0
15522.0,33,2,1
15523.0,84,1,1
15524.0,25,1,1
15525.0,2,3,0
15526.0,33,2,1
15527.0,19,8,0
15528.0,254,1,1
15529.0,23,11,0
15530.0,22,4,0
15531.0,8,2,1
15532.0,25,4,0
15533.0,19,3,0
15535.0,173,4,1
15537.0,163,1,1
15539.0,7,1,1
15540.0,11,1,1
15541.0,114,1,1
15543.0,288,1,1
15544.0,9,9,0
15545.0,54,2,1
15547.0,7,14,0
15549.0,77,3,0
15550.0,4,4,0
15551.0,37,1,1
15552.0,217,1,1
15553.0,60,1,1
15554.0,278,1,1
15555.0,12,16,0
15556.0,24,1,1
15557.0,29,1,1
15561.0,12,4,0
15562.0,352,1,1
15563.0,22,4,0
15565.0,50,2,1
15567.0,19,1,1
15568.0,3,3,0
15569.0,104,5,1
15570.0,7,12,0
15571.0,12,4,0
15572.0,5,7,0
15573.0,32,2,1
15574.0,178,4,1
15576.0,38,1,1
15577.0,151,3,1
15578.0,162,1,1
15579.0,69,2,1
15581.0,121,13,1
15582.0,25,3,0
15584.0,24,4,0
15585.0,177,1,1
15587.0,50,4,0
15589.0,256,3,1
15592.0,47,1,1
15593.0,71,1,1
15594.0,16,5,0
15596.0,101,5,1
15597.0,35,1,1
15598.0,53,1,1
15599.0,27,2,1
15601.0,11,14,0
15602.0,8,9,0
15603.0,79,1,1
15604.0,52,1,1
15605.0,36,5,0
15606.0,61,9,0
15607.0,337,1,1
15608.0,28,4,0
15609.0,184,1,1
15610.0,52,1,1
15611.0,10,13,0
15612.0,36,2,1
15615.0,10,23,0
15618.0,33,4,0
15619.0,11,1,1
15620.0,57,3,0
15621.0,4,4,0
15622.0,43,9,0
15623.0,141,1,1
15624.0,117,4,1
15625.0,104,4,1
15626.0,75,2,1
15628.0,5,9,0
15630.0,45,2,1
15632.0,16,8,0
15634.0,17,1,1
15636.0,90,2,1
15637.0,53,1,1
15639.0,134,1,1
15640.0,4,15,0
15641.0,105,4,1
15643.0,192,3,1
15644.0,166,4,1
15645.0,19,1,1
15646.0,158,3,1
15648.0,204,2,1
15649.0,336,2,1
15651.0,37,3,0
15652.0,91,1,1
15653.0,93,2,1
15654.0,9,2,1
15655.0,243,1,1
15656.0,45,4,0
15657.0,23,1,1
15658.0,190,5,1
15659.0,44,1,1
15660.0,25,9,0
15661.0,317,2,1
15663.0,106,1,1
15664.0,51,1,1
15665.0,168,2,1
15667.0,40,1,1
15668.0,218,1,1
15669.0,40,4,0
15670.0,297,1,1
15671.0,19,7,0
15673.0,88,4,0
15674.0,73,5,0
15675.0,81,3,0
15676.0,19,3,0
15677.0,49,1,1
15678.0,53,1,1
15679.0,24,4,0
15680.0,9,3,0
15681.0,25,5,0
15683.0,117,1,1
15687.0,9,9,0
15689.0,120,2,1
15690.0,4,2,1
15691.0,252,1,1
15692.0,28,1,1
15694.0,1,14,0
15695.0,267,2,1
15696.0,33,8,0
15699.0,18,1,1
15700.0,172,2,1
15701.0,2,4,0
15703.0,265,1,1
15704.0,140,4,1
15705.0,201,1,1
15706.0,64,4,0
15707.0,35,4,0
15708.0,41,7,0
15709.0,284,1,1
15712.0,9,5,0
15713.0,143,2,1
15714.0,12,2,1
15716.0,146,4,1
15717.0,234,1,1
15719.0,33,13,0
15720.0,24,1,1
15721.0,12,1,1
15722.0,36,5,0
15723.0,365,1,1
15724.0,201,2,1
15725.0,15,1,1
15727.0,17,7,0
15729.0,213,1,1
15730.0,66,3,0
15732.0,212,2,1
15733.0,283,1,1
15734.0,115,2,1
15737.0,15,8,0
15738.0,19,16,0
15739.0,66,1,1
15740.0,49,1,1
15743.0,16,4,0
15744.0,78,1,1
15745.0,19,4,0
15746.0,134,1,1
15747.0,13,3,0
15748.0,40,1,1
15749.0,235,3,1
15750.0,3,8,0
15752.0,40,7,0
15753.0,305,1,1
15754.0,51,3,0
15755.0,10,6,0
15756.0,61,4,0
15757.0,66,2,1
15758.0,25,1,1
15759.0,218,3,1
15762.0,65,2,1
15763.0,32,2,1
15764.0,88,6,0
15766.0,64,1,1
15768.0,116,3,1
15769.0,7,26,0
15773.0,6,1,1
15774.0,69,1,1
15775.0,245,1,1
15776.0,133,1,1
15777.0,241,4,1
15780.0,184,3,1
15781.0,25,3,0
15782.0,10,3,0
15783.0,11,1,1
15785.0,33,5,0
15786.0,46,3,0
15787.0,26,3,0
15789.0,358,1,1
15790.0,10,1,1
15791.0,44,2,1
15793.0,15,3,0
15795.0,150,1,1
15796.0,1,8,0
15797.0,113,4,1
15799.0,76,3,0
15800.0,107,2,1
15801.0,46,3,0
15802.0,143,1,1
15803.0,51,1,1
15804.0,1,13,0
15805.0,23,17,0
15806.0,46,3,0
15807.0,50,3,0
15808.0,306,4,1
15809.0,36,5,0
15810.0,79,4,0
15811.0,22,6,0
15812.0,107,5,1
15813.0,208,2,1
15814.0,17,4,0
15815.0,64,5,0
15819.0,49,4,0
15820.0,320,1,1
15821.0,44,2,1
15822.0,3,2,1
15823.0,372,1,1
15825.0,172,1,1
15826.0,56,3,0
15827.0,73,14,0
15829.0,99,2,1
15830.0,38,1,1
15831.0,58,3,0
15832.0,254,1,1
15834.0,70,4,0
15835.0,44,4,0
15836.0,50,1,1
15837.0,65,1,1
15838.0,11,19,0
15839.0,33,3,0
15840.0,59,2,1
15841.0,73,4,0
15843.0,304,1,1
15844.0,46,1,1
15845.0,18,8,0
15847.0,38,2,1
15850.0,19,2,1
15852.0,187,2,1
15853.0,52,1,1
15854.0,4,12,0
15855.0,137,5,1
15856.0,4,27,0
15857.0,19,1,1
15858.0,16,5,0
15860.0,41,8,0
15861.0,12,8,0
15862.0,8,4,0
15863.0,26,2,1
15864.0,22,6,0
15865.0,41,3,0
15866.0,101,1,1
15867.0,5,15,0
15869.0,277,2,1
15870.0,33,1,1
15872.0,15,2,1
15874.0,64,7,0
15877.0,2,2,1
15880.0,369,1,1
15881.0,312,5,1
15882.0,199,4,1
15883.0,2,2,1
15885.0,93,3,1
15886.0,60,1,1
15888.0,81,1,1
15889.0,157,2,1
15891.0,227,1,1
15894.0,253,2,1
15895.0,150,1,1
15897.0,194,2,1
15898.0,1,5,0
15899.0,369,1,1
15900.0,24,1,1
15901.0,17,3,0
15903.0,10,7,0
15904.0,8,1,1
15906.0,20,7,0
15907.0,4,3,0
15909.0,174,1,1
15910.0,1,8,0
15912.0,178,2,1
15916.0,16,8,0
15917.0,248,1,1
15918.0,191,2,1
15919.0,20,2,1
15920.0,154,4,1
15921.0,173,1,1
15922.0,373,1,1
15923.0,373,1,1
15925.0,194,1,1
15930.0,67,1,1
15932.0,4,8,0
15933.0,21,3,0
15935.0,239,2,1
15937.0,64,1,1
15938.0,112,5,1
15939.0,90,15,0
15940.0,311,1,1
15942.0,134,1,1
15944.0,277,1,1
15945.0,365,1,1
15947.0,83,1,1
15948.0,8,2,1
15949.0,17,2,1
15950.0,32,4,0
15951.0,9,2,1
15952.0,34,4,0
15953.0,15,8,0
15955.0,24,14,0
15957.0,32,1,1
15958.0,74,1,1
15963.0,20,2,1
15965.0,17,4,0
15967.0,23,2,1
15969.0,3,3,0
15970.0,304,1,1
15971.0,18,12,0
15973.0,367,1,1
15974.0,39,7,0
15975.0,84,1,1
15976.0,165,2,1
15977.0,17,2,1
15978.0,77,1,1
15980.0,89,3,0
15981.0,25,8,0
15983.0,22,4,0
15984.0,3,10,0
15985.0,123,2,1
15986.0,30,1,1
15987.0,12,7,0
15988.0,19,1,1
15990.0,44,2,1
15992.0,4,1,1
15993.0,9,7,0
15994.0,55,1,1
15996.0,88,6,0
15998.0,37,5,0
16000.0,3,3,0
16003.0,30,5,0
16005.0,12,4,0
16006.0,211,1,1
16007.0,48,4,0
16008.0,24,3,0
16009.0,22,4,0
16010.0,246,3,1
16011.0,8,16,0
16012.0,35,3,0
16013.0,4,47,0
16014.0,38,3,0
16015.0,4,3,0
16016.0,3,8,0
16017.0,47,1,1
16018.0,39,2,1
16019.0,47,9,0
16020.0,17,3,0
16022.0,260,1,1
16023.0,46,3,0
16024.0,12,1,1
16025.0,30,1,1
16026.0,43,1,1
16027.0,92,6,1
16029.0,39,63,0
16030.0,310,1,1
16031.0,92,2,1
16033.0,6,20,0
16034.0,196,3,1
16036.0,87,2,1
16037.0,270,3,1
16038.0,8,3,0
16040.0,65,3,0
16041.0,31,3,0
16042.0,22,5,0
16043.0,38,4,0
16045.0,120,4,1
16048.0,373,2,1
16049.0,40,3,0
16050.0,174,1,1
16052.0,54,1,1
16053.0,33,2,1
16054.0,145,1,1
16055.0,221,1,1
16056.0,45,1,1
16057.0,16,7,0
16059.0,66,6,0
16062.0,10,4,0
16063.0,260,1,1
16065.0,365,1,1
16066.0,17,5,0
16070.0,22,2,1
16071.0,45,1,1
16072.0,288,1,1
16073.0,297,1,1
16076.0,3,10,0
16078.0,284,1,1
16079.0,17,3,0
16080.0,82,2,1
16081.0,56,5,0
16083.0,101,2,1
16084.0,299,1,1
16085.0,23,5,0
16086.0,59,5,0
16091.0,155,2,1
16092.0,115,3,1
16093.0,107,1,1
16094.0,12,4,0
16096.0,264,1,1
16097.0,240,1,1
16098.0,88,7,0
16099.0,50,3,0
16101.0,71,1,1
16102.0,42,3,0
16103.0,7,6,0
16104.0,62,1,1
16105.0,249,1,1
16106.0,66,1,1
16107.0,18,7,0
16108.0,85,1,1
16109.0,219,2,1
16110.0,45,3,0
16112.0,143,4,1
16113.0,183,1,1
16114.0,171,1,1
16115.0,10,8,0
16116.0,212,1,1
16117.0,190,1,1
16119.0,8,2,1
16120.0,59,4,0
16121.0,57,2,1
16122.0,73,4,0
16123.0,52,1,1
16124.0,317,1,1
16125.0,367,1,1
16126.0,29,4,0
16127.0,39,1,1
16128.0,18,5,0
16131.0,52,6,0
16133.0,4,33,0
16134.0,22,2,1
16135.0,263,1,1
16136.0,60,3,0
16139.0,19,3,0
16140.0,66,2,1
16141.0,88,1,1
16142.0,250,1,1
16143.0,3,6,0
16144.0,247,1,1
16145.0,9,11,0
16146.0,157,3,1
16147.0,134,1,1
16148.0,296,1,1
16149.0,5,2,1
16150.0,43,5,0
16152.0,269,1,1
16153.0,50,5,0
16156.0,9,9,0
16157.0,16,3,0
16159.0,282,1,1
16160.0,65,2,1
16161.0,2,19,0
16162.0,252,1,1
16163.0,232,2,1
16164.0,17,3,0
16168.0,11,27,0
16169.0,8,4,0
16170.0,51,6,0
16171.0,59,1,1
16172.0,95,5,1
16173.0,16,6,0
16174.0,126,3,1
16175.0,94,4,1
16177.0,50,1,1
16178.0,138,1,1
16179.0,61,1,1
16180.0,100,8,1
16181.0,73,1,1
16182.0,72,4,0
16183.0,67,1,1
16184.0,64,6,0
16185.0,17,2,1
16186.0,23,12,0
16187.0,32,15,0
16188.0,45,4,0
16189.0,16,2,1
16190.0,40,1,1
16191.0,3,13,0
16193.0,237,1,1
16198.0,75,1,1
16200.0,4,2,1
16201.0,3,4,0
16202.0,361,1,1
16203.0,59,4,0
16204.0,23,1,1
16205.0,31,4,0
16206.0,55,4,0
16207.0,25,1,1
16208.0,45,2,1
16209.0,89,5,0
16210.0,2,18,0
16211.0,89,1,1
16212.0,19,2,1
16213.0,79,1,1
16214.0,171,3,1
16215.0,81,1,1
16216.0,267,1,1
16217.0,235,2,1
16218.0,30,7,0
16221.0,37,3,0
16222.0,318,1,1
16224.0,57,4,0
16225.0,45,5,0
16226.0,203,3,1
16227.0,225,1,1
16229.0,87,2,1
16230.0,190,2,1
16232.0,44,4,0
16233.0,71,3,0
16235.0,41,5,0
16236.0,78,1,1
16239.0,57,2,1
16240.0,24,2,1
16241.0,10,13,0
16242.0,8,7,0
16243.0,34,2,1
16244.0,212,2,1
16245.0,24,3,0
16247.0,170,1,1
16248.0,62,1,1
16249.0,53,5,0
16250.0,261,2,1
16253.0,67,2,1
16255.0,17,8,0
16256.0,267,1,1
16257.0,177,1,1
16258.0,45,5,0
16260.0,51,1,1
16261.0,17,4,0
16265.0,9,9,0
16266.0,74,7,0
16268.0,71,2,1
16270.0,353,1,1
16271.0,3,5,0
16272.0,117,1,1
16274.0,373,1,1
16275.0,197,1,1
16276.0,177,1,1
16278.0,100,1,1
16279.0,21,3,0
16281.0,72,1,1
16282.0,340,1,1
16283.0,6,5,0
16284.0,31,2,1
16287.0,170,1,1
16292.0,122,1,1
16293.0,22,10,0
16295.0,10,4,0
16297.0,269,1,1
16298.0,23,3,0
16302.0,127,1,1
16303.0,26,3,0
16305.0,139,1,1
16306.0,214,6,1
16308.0,38,4,0
16309.0,106,2,1
16311.0,18,2,1
16313.0,3,2,1
16315.0,331,1,1
16316.0,64,8,0
16317.0,120,3,1
16318.0,35,1,1
16319.0,218,1,1
16320.0,172,2,1
16321.0,72,5,0
16322.0,1,2,1
16323.0,196,1,1
16324.0,128,3,1
16325.0,47,3,0
16326.0,6,14,0
16327.0,14,6,0
16330.0,18,3,0
16332.0,28,7,0
16333.0,8,22,0
16337.0,37,1,1
16338.0,157,1,1
16339.0,284,1,1
16340.0,107,1,1
16341.0,25,4,0
16342.0,75,4,0
16343.0,16,2,1
16344.0,158,1,1
16345.0,44,1,1
16347.0,11,2,1
16348.0,32,7,0
16349.0,291,1,1
16350.0,21,4,0
16351.0,333,1,1
16352.0,18,2,1
16353.0,4,23,0
16354.0,63,2,1
16356.0,198,3,1
16357.0,33,3,0
16358.0,1,4,0
16359.0,7,9,0
16360.0,5,6,0
16361.0,10,4,0
16362.0,32,5,0
16363.0,53,1,1
16364.0,12,2,1
16365.0,18,9,0
16366.0,19,1,1
16367.0,37,2,1
16368.0,2,2,1
16369.0,18,3,0
16370.0,82,4,0
16372.0,33,2,1
16374.0,66,2,1
16376.0,9,2,1
16377.0,267,1,1
16378.0,247,3,1
16379.0,4,4,0
16380.0,61,1,1
16383.0,75,2,1
16384.0,90,2,1
16385.0,60,3,0
16386.0,29,2,1
16387.0,323,1,1
16389.0,53,4,0
16392.0,270,1,1
16393.0,2,13,0
16394.0,57,5,0
16395.0,61,5,0
16398.0,154,2,1
16399.0,19,2,1
16400.0,95,1,1
16401.0,1,12,0
16402.0,265,2,1
16403.0,312,1,1
16404.0,70,1,1
16405.0,302,2,1
16406.0,19,1,1
16407.0,13,10,0
16409.0,36,5,0
16411.0,19,2,1
16412.0,54,1,1
16413.0,57,1,1
16414.0,22,2,1
16415.0,44,1,1
16416.0,27,3,0
16418.0,45,3,0
16419.0,113,6,1
16422.0,17,51,0
16423.0,25,1,1
16424.0,191,1,1
16425.0,302,1,1
16426.0,2,10,0
16427.0,263,2,1
16429.0,106,1,1
16430.0,57,1,1
16431.0,213,3,1
16432.0,64,1,1
16433.0,28,1,1
16434.0,29,7,0
16438.0,6,5,0
16440.0,8,5,0
16441.0,67,2,1
16442.0,2,3,0
16444.0,46,4,0
16445.0,34,1,1
16446.0,1,2,1
16447.0,136,1,1
16448.0,198,1,1
16449.0,198,2,1
16450.0,150,1,1
16451.0,88,1,1
16454.0,45,2,1
16455.0,64,7,0
16456.0,99,5,1
16457.0,218,1,1
16458.0,3,18,0
16460.0,28,3,0
16461.0,178,1,1
16462.0,74,3,0
16463.0,21,4,0
16464.0,20,3,0
16466.0,34,7,0
16468.0,74,1,1
16469.0,24,4,0
16470.0,52,4,0
16471.0,275,1,1
16473.0,165,3,1
16474.0,7,7,0
16475.0,88,4,0
16477.0,64,7,0
16478.0,25,3,0
16479.0,10,2,1
16480.0,76,1,1
16482.0,16,1,1
16483.0,192,1,1
16484.0,174,2,1
16485.0,77,1,1
16488.0,33,3,0
16491.0,47,1,1
16493.0,80,4,0
16494.0,297,1,1
16495.0,3,3,0
16496.0,9,3,0
16497.0,50,6,0
16498.0,161,2,1
16499.0,360,2,1
16500.0,5,6,0
16503.0,107,4,1
16504.0,25,1,1
16505.0,32,1,1
16506.0,20,2,1
16509.0,297,1,1
16510.0,372,1,1
16511.0,22,3,0
16513.0,5,4,0
16515.0,52,5,0
16516.0,30,1,1
16517.0,277,1,1
16518.0,61,2,1
16519.0,25,2,1
16520.0,186,3,1
16523.0,2,21,0
16525.0,2,26,0
16526.0,172,1,1
16527.0,81,1,1
16528.0,4,1,1
16529.0,190,1,1
16531.0,22,7,0
16532.0,18,3,0
16533.0,19,3,0
16535.0,5,1,1
16536.0,110,1,1
16539.0,3,4,0
16542.0,54,1,1
16545.0,165,1,1
16546.0,291,2,1
16549.0,10,10,0
16550.0,109,5,1
16551.0,96,3,1
16552.0,243,2,1
16553.0,163,12,1
16554.0,42,3,0
16555.0,35,2,1
16556.0,67,7,0
16557.0,24,2,1
16558.0,1,20,0
16560.0,27,2,1
16561.0,6,2,1
16563.0,54,1,1
16565.0,364,1,1
16566.0,15,5,0
16567.0,194,2,1
16569.0,3,1,1
16570.0,15,10,0
16571.0,27,3,0
16572.0,127,3,1
16573.0,85,2,1
16574.0,71,1,1
16581.0,183,1,1
16582.0,113,1,1
16583.0,374,1,1
16584.0,80,2,1
16586.0,249,1,1
16587.0,232,1,1
16589.0,71,3,0
16591.0,69,1,1
16592.0,4,16,0
16593.0,51,3,0
16594.0,75,1,1
16595.0,61,1,1
16596.0,16,2,1
16597.0,4,1,1
16598.0,286,1,1
16600.0,4,6,0
16601.0,41,1,1
16602.0,36,1,1
16603.0,75,2,1
16607.0,18,14,0
16609.0,15,7,0
16610.0,219,1,1
16611.0,186,1,1
16612.0,33,4,0
16613.0,70,1,1
16614.0,183,1,1
16616.0,15,2,1
16617.0,236,1,1
16618.0,31,5,0
16619.0,264,1,1
16620.0,4,2,1
16621.0,52,4,0
16623.0,246,1,1
16624.0,81,2,1
16625.0,275,1,1
16626.0,1,17,0
16627.0,79,1,1
16628.0,30,5,0
16629.0,74,2,1
16633.0,17,6,0
16634.0,223,2,1
16637.0,32,4,0
16638.0,23,10,0
16639.0,31,3,0
16641.0,106,1,1
16642.0,5,2,1
16643.0,246,1,1
16644.0,178,2,1
16647.0,170,2,1
16648.0,43,1,1
16650.0,72,1,1
16652.0,59,7,0
16653.0,16,2,1
16654.0,141,4,1
16655.0,18,6,0
16656.0,22,15,0
16657.0,10,4,0
16658.0,368,1,1
16659.0,189,1,1
16660.0,16,4,0
16665.0,362,1,1
16666.0,19,1,1
16667.0,68,2,1
16668.0,15,6,0
16669.0,24,3,0
16670.0,17,11,0
16671.0,28,3,0
16672.0,2,20,0
16674.0,55,2,1
16676.0,34,4,0
16678.0,3,12,0
16679.0,366,1,1
16680.0,43,1,1
16681.0,73,6,0
16682.0,5,5,0
16684.0,4,28,0
16685.0,61,2,1
16686.0,47,7,0
16688.0,1,4,0
16689.0,76,2,1
16690.0,72,2,1
16692.0,256,2,1
16693.0,69,2,1
16696.0,135,4,1
16697.0,241,1,1
16698.0,227,2,1
16700.0,9,13,0
16701.0,9,13,0
16705.0,1,20,0
16706.0,37,3,0
16708.0,46,1,1
16709.0,85,5,0
16710.0,19,10,0
16711.0,3,5,0
16712.0,9,11,0
16713.0,19,15,0
16714.0,219,3,1
16715.0,78,1,1
16716.0,267,2,1
16717.0,24,6,0
16718.0,369,1,1
16719.0,15,7,0
16720.0,26,1,1
16721.0,262,1,1
16722.0,17,13,0
16723.0,91,2,1
16725.0,302,7,1
16726.0,26,5,0
16727.0,364,1,1
16728.0,46,4,0
16729.0,38,21,0
16730.0,52,3,0
16732.0,32,1,1
16734.0,52,3,0
16735.0,79,5,0
16737.0,53,1,1
16738.0,298,1,1
16739.0,177,1,1
16742.0,47,1,1
16743.0,29,7,0
16744.0,11,7,0
16745.0,87,17,0
16746.0,5,18,0
16747.0,38,2,1
16748.0,18,5,0
16750.0,45,5,0
16751.0,31,1,1
16752.0,373,1,1
16753.0,58,1,1
16754.0,372,1,1
16755.0,114,3,1
16756.0,215,1,1
16757.0,319,1,1
16758.0,65,1,1
16759.0,8,3,0
16761.0,97,1,1
16762.0,20,3,0
16763.0,199,1,1
16764.0,4,13,0
16765.0,294,1,1
16766.0,273,2,1
16767.0,31,11,0
16768.0,48,3,0
16769.0,260,1,1
16770.0,58,5,0
16771.0,33,5,0
16773.0,57,1,1
16774.0,68,4,0
16775.0,10,11,0
16776.0,60,1,1
16777.0,80,2,1
16778.0,74,2,1
16779.0,2,22,0
16780.0,100,2,1
16781.0,372,1,1
16782.0,10,13,0
16784.0,20,1,1
16788.0,123,2,1
16789.0,8,1,1
16790.0,4,6,0
16791.0,29,7,0
16792.0,282,2,1
16793.0,57,1,1
16794.0,1,10,0
16795.0,365,1,1
16796.0,89,1,1
16800.0,11,1,1
16801.0,163,4,1
16803.0,65,1,1
16804.0,23,3,0
16805.0,174,2,1
16806.0,103,4,1
16807.0,143,3,1
16808.0,99,2,1
16809.0,23,5,0
16810.0,192,1,1
16811.0,5,2,1
16812.0,361,1,1
16813.0,8,10,0
16814.0,14,21,0
16816.0,103,4,1
16817.0,3,9,0
16818.0,11,11,0
16820.0,96,1,1
16823.0,227,1,1
16824.0,16,2,1
16825.0,39,2,1
16826.0,51,1,1
16828.0,93,2,1
16829.0,157,1,1
16830.0,39,1,1
16832.0,184,3,1
16833.0,1,4,0
16834.0,228,1,1
16835.0,128,2,1
16836.0,40,2,1
16837.0,31,11,0
16838.0,197,2,1
16839.0,9,34,0
16841.0,37,6,0
16842.0,101,3,1
16843.0,43,16,0
16846.0,50,1,1
16847.0,43,1,1
16848.0,53,1,1
16849.0,187,1,1
16850.0,334,1,1
16851.0,4,3,0
16852.0,10,2,1
16855.0,24,2,1
16856.0,15,1,1
16858.0,369,1,1
16859.0,145,2,1
16861.0,60,2,1
16863.0,31,2,1
16866.0,141,3,1
16869.0,23,4,0
16871.0,22,6,0
16872.0,77,3,0
16873.0,5,6,0
16875.0,67,5,0
16877.0,12,6,0
16878.0,84,1,1
16880.0,31,7,0
16881.0,67,1,1
16882.0,67,3,0
16883.0,187,2,1
16884.0,38,2,1
16885.0,15,3,0
16887.0,35,1,1
16889.0,195,3,1
16891.0,2,5,0
16892.0,1,5,0
16893.0,367,1,1
16895.0,65,1,1
16897.0,299,2,1
16898.0,26,3,0
16899.0,8,6,0
16900.0,17,3,0
16902.0,116,1,1
16903.0,29,1,1
16904.0,4,16,0
16905.0,5,7,0
16906.0,82,4,0
16907.0,29,5,0
16909.0,72,1,1
16910.0,4,8,0
16912.0,29,11,0
16913.0,290,1,1
16914.0,36,1,1
16915.0,9,6,0
16916.0,24,2,1
16917.0,277,1,1
16918.0,50,6,0
16919.0,156,11,1
16921.0,61,1,1
16923.0,12,19,0
16924.0,21,3,0
16926.0,371,1,1
16927.0,116,3,1
16928.0,80,17,0
16929.0,4,7,0
16930.0,26,3,0
16931.0,5,21,0
16932.0,53,1,1
16933.0,1,2,1
16934.0,55,2,1
16936.0,26,1,1
16938.0,9,4,0
16940.0,52,3,0
16942.0,13,9,0
16943.0,212,3,1
16945.0,22,19,0
16947.0,236,1,1
16948.0,139,3,1
16949.0,4,6,0
16950.0,57,3,0
16951.0,135,3,1
16952.0,109,2,1
16953.0,30,1,1
16954.0,1,9,0
16955.0,185,4,1
16956.0,18,1,1
16957.0,239,2,1
16959.0,87,1,1
16960.0,39,3,0
16961.0,116,1,1
16963.0,187,1,1
16965.0,227,1,1
16966.0,8,7,0
16967.0,189,1,1
16968.0,4,2,1
16969.0,39,3,0
16971.0,38,1,1
16976.0,267,1,1
16978.0,78,1,1
16979.0,4,6,0
16980.0,255,2,1
16982.0,61,1,1
16983.0,13,7,0
16984.0,88,2,1
16985.0,17,10,0
16986.0,30,2,1
16987.0,3,7,0
16988.0,5,1,1
16989.0,7,6,0
16990.0,219,1,1
16992.0,11,5,0
16996.0,30,6,0
16997.0,288,3,1
16998.0,150,4,1
16999.0,23,2,1
17001.0,1,11,0
17002.0,86,3,0
17004.0,46,2,1
17006.0,5,4,0
17007.0,51,6,0
17010.0,18,1,1
17011.0,30,1,1
17014.0,8,3,0
17015.0,29,3,0
17017.0,3,20,0
17018.0,41,2,1
17019.0,11,4,0
17022.0,31,1,1
17024.0,45,3,0
17025.0,61,3,0
17026.0,185,2,1
17027.0,79,6,0
17029.0,111,2,1
17030.0,64,1,1
17031.0,12,2,1
17033.0,86,3,0
17034.0,16,3,0
17035.0,246,2,1
17037.0,88,1,1
17038.0,30,1,1
17040.0,138,1,1
17041.0,27,3,0
17042.0,3,5,0
17043.0,32,4,0
17044.0,25,1,1
17045.0,113,3,1
17046.0,157,1,1
17047.0,85,3,0
17048.0,118,3,1
17049.0,3,9,0
17050.0,96,6,1
17051.0,194,1,1
17052.0,28,1,1
17053.0,131,1,1
17054.0,28,5,0
17058.0,82,3,0
17059.0,30,5,0
17060.0,266,1,1
17061.0,74,11,0
17062.0,314,4,1
17063.0,21,7,0
17064.0,59,3,0
17068.0,12,21,0
17069.0,28,9,0
17070.0,114,1,1
17071.0,28,9,0
17073.0,18,4,0
17075.0,18,4,0
17076.0,36,3,0
17078.0,36,2,1
17079.0,78,1,1
17080.0,22,2,1
17081.0,25,2,1
17082.0,33,2,1
17083.0,109,3,1
17084.0,35,2,1
17085.0,123,5,1
17086.0,7,6,0
17088.0,28,4,0
17090.0,4,7,0
17091.0,3,9,0
17092.0,50,4,0
17094.0,322,1,1
17095.0,23,3,0
17096.0,15,4,0
17097.0,2,8,0
17100.0,18,2,1
17101.0,10,4,0
17102.0,262,1,1
17105.0,159,2,1
17107.0,33,6,0
17109.0,29,6,0
17110.0,165,1,1
17111.0,47,1,1
17114.0,6,8,0
17115.0,8,3,0
17117.0,288,1,1
17118.0,318,1,1
17119.0,3,2,1
17120.0,233,1,1
17122.0,119,1,1
17123.0,162,1,1
17124.0,185,1,1
17125.0,50,1,1
17126.0,152,5,1
17128.0,335,1,1
17131.0,5,5,0
17133.0,16,7,0
17134.0,107,2,1
17135.0,16,7,0
17138.0,276,1,1
17139.0,16,12,0
17140.0,247,1,1
17142.0,239,1,1
17144.0,1,2,1
17146.0,106,3,1
17147.0,23,4,0
17148.0,52,1,1
17152.0,195,3,1
17153.0,24,1,1
17154.0,75,1,1
17155.0,18,2,1
17157.0,8,2,1
17158.0,32,3,0
17159.0,22,3,0
17160.0,31,6,0
17162.0,29,10,0
17163.0,22,2,1
17164.0,33,7,0
17165.0,284,1,1
17166.0,39,2,1
17169.0,58,2,1
17171.0,289,1,1
17172.0,79,1,1
17173.0,5,8,0
17174.0,218,1,1
17175.0,44,4,0
17176.0,202,1,1
17179.0,178,3,1
17180.0,56,4,0
17181.0,57,2,1
17183.0,8,6,0
17186.0,47,2,1
17187.0,227,1,1
17188.0,11,7,0
17189.0,106,2,1
17190.0,59,2,1
17191.0,28,7,0
17193.0,36,7,0
17194.0,274,2,1
17197.0,30,1,1
17198.0,24,3,0
17201.0,54,1,1
17203.0,36,6,0
17204.0,175,4,1
17205.0,54,1,1
17206.0,53,1,1
17211.0,27,8,0
17212.0,253,1,1
17213.0,40,7,0
17214.0,60,6,0
17217.0,234,1,1
17218.0,4,10,0
17219.0,32,1,1
17220.0,24,14,0
17221.0,7,2,1
17222.0,65,1,1
17223.0,310,2,1
17226.0,309,1,1
17227.0,19,6,0
17228.0,16,8,0
17229.0,96,2,1
17230.0,264,8,1
17231.0,12,10,0
17232.0,3,2,1
17233.0,35,1,1
17234.0,183,1,1
17235.0,25,2,1
17236.0,13,6,0
17237.0,11,2,1
17238.0,3,17,0
17239.0,313,1,1
17242.0,108,2,1
17243.0,1,26,0
17244.0,53,1,1
17245.0,205,1,1
17247.0,15,1,1
17248.0,120,1,1
17250.0,4,2,1
17251.0,363,1,1
17252.0,117,2,1
17253.0,18,1,1
17254.0,5,2,1
17255.0,41,2,1
17256.0,107,2,1
17259.0,148,2,1
17262.0,52,5,0
17263.0,208,1,1
17265.0,139,2,1
17266.0,2,3,0
17267.0,127,2,1
17268.0,108,4,1
17272.0,42,4,0
17274.0,35,1,1
17277.0,228,2,1
17278.0,241,1,1
17279.0,58,1,1
17282.0,130,3,1
17284.0,60,6,0
17286.0,22,1,1
17287.0,26,7,0
17288.0,9,7,0
17289.0,32,3,0
17290.0,4,2,1
17291.0,308,1,1
17293.0,8,9,0
17295.0,29,3,0
17297.0,17,1,1
17298.0,101,2,1
17299.0,12,4,0
17301.0,21,1,1
17302.0,15,5,0
17303.0,361,1,1
17306.0,11,19,0
17309.0,95,1,1
17311.0,78,2,1
17312.0,139,3,1
17313.0,31,1,1
17314.0,25,8,0
17315.0,2,38,0
17317.0,46,3,0
17320.0,100,3,1
17321.0,8,2,1
17323.0,15,7,0
17324.0,18,4,0
17325.0,280,1,1
17329.0,14,2,1
17330.0,23,2,1
17331.0,124,1,1
17333.0,86,1,1
17334.0,302,2,1
17337.0,151,4,1
17338.0,17,8,0
17339.0,94,2,1
17340.0,30,11,0
17341.0,157,3,1
17343.0,355,1,1
17344.0,46,1,1
17345.0,15,4,0
17346.0,4,15,0
17347.0,86,1,1
17348.0,15,5,0
17349.0,179,1,1
17350.0,8,4,0
17351.0,36,3,0
17353.0,129,2,1
17354.0,51,1,1
17356.0,312,1,1
17357.0,24,2,1
17358.0,303,2,1
17359.0,11,1,1
17360.0,17,3,0
17361.0,49,3,0
17362.0,239,2,1
17364.0,1,11,0
17365.0,13,8,0
17367.0,238,1,1
17368.0,23,8,0
17370.0,73,4,0
17371.0,17,3,0
17372.0,41,8,0
17373.0,40,4,0
17374.0,219,2,1
17375.0,199,3,1
17376.0,71,2,1
17377.0,24,20,0
17379.0,11,1,1
17381.0,9,29,0
17382.0,65,1,1
17383.0,4,1,1
17384.0,19,2,1
17385.0,15,1,1
17386.0,8,6,0
17387.0,20,2,1
17388.0,78,4,0
17389.0,1,34,0
17391.0,164,2,1
17392.0,307,2,1
17394.0,219,1,1
17396.0,39,8,0
17397.0,22,2,1
17398.0,115,3,1
17400.0,126,5,1
17402.0,5,13,0
17403.0,36,1,1
17404.0,4,15,0
17405.0,1,3,0
17406.0,333,3,1
17408.0,163,1,1
17409.0,185,2,1
17410.0,16,5,0
17411.0,12,3,0
17412.0,3,7,0
17414.0,44,2,1
17415.0,80,1,1
17416.0,30,7,0
17418.0,42,2,1
17419.0,11,12,0
17420.0,50,3,0
17422.0,16,6,0
17423.0,46,2,1
17425.0,19,2,1
17426.0,8,6,0
17427.0,72,1,1
17428.0,1,28,0
17429.0,128,3,1
17430.0,33,2,1
17431.0,313,1,1
17432.0,18,2,1
17433.0,88,1,1
17434.0,2,7,0
17436.0,2,2,1
17438.0,254,1,1
17440.0,157,3,1
17442.0,37,6,0
17443.0,220,1,1
17444.0,148,3,1
17446.0,177,2,1
17447.0,40,2,1
17449.0,2,7,0
17450.0,8,46,0
17451.0,1,7,0
17453.0,18,2,1
17454.0,192,4,1
17455.0,204,1,1
17456.0,365,1,1
17457.0,127,5,1
17458.0,15,1,1
17459.0,43,2,1
17460.0,94,6,1
17461.0,23,3,0
17462.0,60,2,1
17463.0,16,5,0
17464.0,158,1,1
17466.0,10,2,1
17468.0,10,2,1
17469.0,16,5,0
17470.0,45,5,0
17472.0,191,3,1
17475.0,79,1,1
17480.0,78,1,1
17481.0,4,4,0
17483.0,65,3,0
17486.0,261,1,1
17489.0,59,2,1
17490.0,1,7,0
17491.0,1,10,0
17492.0,248,1,1
17495.0,8,2,1
17496.0,359,1,1
17498.0,76,1,1
17499.0,290,1,1
17500.0,17,3,0
17501.0,221,2,1
17502.0,9,4,0
17503.0,3,2,1
17504.0,206,9,1
17505.0,162,2,1
17506.0,76,1,1
17507.0,262,2,1
17508.0,281,1,1
17509.0,58,8,0
17510.0,25,1,1
17511.0,3,31,0
17512.0,29,10,0
17513.0,72,1,1
17514.0,128,1,1
17515.0,31,4,0
17516.0,15,5,0
17517.0,309,1,1
17519.0,17,6,0
17520.0,54,1,1
17521.0,30,3,0
17522.0,2,5,0
17523.0,11,4,0
17524.0,361,1,1
17525.0,360,1,1
17526.0,5,4,0
17527.0,54,4,0
17528.0,1,8,0
17530.0,1,10,0
17531.0,190,1,1
17534.0,54,1,1
17535.0,280,1,1
17536.0,177,1,1
17537.0,30,2,1
17538.0,26,1,1
17540.0,25,2,1
17542.0,270,1,1
17545.0,43,3,0
17548.0,234,1,1
17549.0,24,2,1
17550.0,197,3,1
17551.0,359,1,1
17552.0,60,4,0
17553.0,130,1,1
17554.0,1,5,0
17555.0,20,2,1
17556.0,206,1,1
17557.0,14,3,0
17560.0,95,4,1
17561.0,19,1,1
17562.0,14,7,0
17564.0,24,3,0
17566.0,8,2,1
17567.0,7,8,0
17569.0,332,1,1
17571.0,50,4,0
17572.0,71,4,0
17573.0,29,3,0
17574.0,243,1,1
17576.0,8,19,0
17578.0,218,1,1
17579.0,5,3,0
17580.0,253,3,1
17581.0,1,25,0
17582.0,236,1,1
17584.0,7,2,1
17585.0,109,4,1
17588.0,100,3,1
17589.0,60,4,0
17590.0,2,3,0
17591.0,73,7,0
17593.0,4,5,0
17594.0,85,2,1
17595.0,12,2,1
17596.0,23,7,0
17597.0,214,1,1
17600.0,18,1,1
17601.0,239,1,1
17602.0,2,6,0
17603.0,78,1,1
17604.0,217,2,1
17608.0,33,2,1
17609.0,41,5,0
17611.0,7,15,0
17612.0,53,6,0
17613.0,23,14,0
17614.0,57,1,1
17615.0,130,3,1
17616.0,174,3,1
17618.0,6,3,0
17619.0,312,1,1
17620.0,60,1,1
17621.0,21,3,0
17623.0,33,1,1
17624.0,15,2,1
17625.0,18,4,0
17628.0,81,1,1
17629.0,6,8,0
17630.0,170,2,1
17631.0,2,3,0
17633.0,31,4,0
17634.0,36,9,0
17636.0,19,1,1
17637.0,31,2,1
17639.0,276,1,1
17640.0,87,1,1
17642.0,120,2,1
17643.0,373,1,1
17644.0,1,11,0
17646.0,219,3,1
17647.0,65,1,1
17648.0,61,4,0
17649.0,138,1,1
17650.0,21,1,1
17651.0,12,10,0
17652.0,25,12,0
17653.0,37,4,0
17654.0,277,1,1
17655.0,11,7,0
17656.0,73,5,0
17658.0,26,2,1
17659.0,17,12,0
17660.0,141,1,1
17663.0,26,7,0
17664.0,19,2,1
17666.0,4,2,1
17667.0,66,5,0
17668.0,1,2,1
17669.0,43,7,0
17670.0,228,1,1
17671.0,16,4,0
17672.0,50,2,1
17673.0,2,6,0
17674.0,74,2,1
17675.0,1,31,0
17676.0,4,6,0
17677.0,2,30,0
17678.0,264,1,1
17679.0,53,2,1
17680.0,24,1,1
17682.0,10,6,0
17684.0,44,1,1
17685.0,17,7,0
17686.0,7,7,0
17690.0,30,15,0
17691.0,358,2,1
17692.0,127,4,1
17693.0,137,1,1
17694.0,142,1,1
17695.0,132,2,1
17696.0,38,8,0
17697.0,236,1,1
17698.0,261,1,1
17700.0,17,4,0
17701.0,253,1,1
17702.0,30,4,0
17703.0,35,3,0
17704.0,169,2,1
17705.0,3,9,0
17706.0,4,17,0
17707.0,185,2,1
17708.0,188,2,1
17709.0,170,1,1
17711.0,11,2,1
17712.0,45,1,1
17714.0,321,1,1
17715.0,201,1,1
17716.0,23,11,0
17718.0,232,1,1
17719.0,38,15,0
17720.0,26,4,0
17722.0,96,4,1
17723.0,127,6,1
17724.0,71,3,0
17725.0,16,11,0
17727.0,15,1,1
17728.0,4,3,0
17730.0,3,13,0
17731.0,79,4,0
17732.0,373,1,1
17733.0,39,2,1
17734.0,54,3,0
17735.0,2,19,0
17736.0,9,3,0
17737.0,9,2,1
17738.0,19,4,0
17739.0,12,7,0
17742.0,113,2,1
17744.0,4,6,0
17746.0,240,1,1
17747.0,113,1,1
17749.0,178,2,1
17750.0,5,9,0
17752.0,359,1,1
17754.0,1,5,0
17757.0,1,30,0
17758.0,19,8,0
17759.0,17,3,0
17760.0,22,2,1
17761.0,33,1,1
17763.0,263,1,1
17764.0,51,2,1
17765.0,159,3,1
17767.0,15,1,1
17768.0,8,3,0
17769.0,13,10,0
17770.0,199,5,1
17771.0,57,2,1
17772.0,11,2,1
17774.0,97,4,1
17775.0,255,1,1
17777.0,25,3,0
17779.0,21,3,0
17781.0,159,2,1
17783.0,72,2,1
17785.0,53,1,1
17786.0,85,2,1
17787.0,153,4,1
17788.0,74,2,1
17789.0,281,1,1
17790.0,27,14,0
17791.0,30,1,1
17793.0,25,1,1
17795.0,180,2,1
17796.0,40,4,0
17797.0,22,3,0
17799.0,22,10,0
17800.0,37,9,0
17802.0,82,3,0
17805.0,74,1,1
17806.0,11,1,1
17809.0,16,12,0
17811.0,4,39,0
17812.0,13,4,0
17813.0,14,5,0
17816.0,37,4,0
17817.0,4,3,0
17819.0,72,7,0
17824.0,51,1,1
17827.0,5,5,0
17828.0,23,4,0
17829.0,299,1,1
17830.0,2,3,0
17831.0,33,1,1
17832.0,50,1,1
17835.0,3,3,0
17836.0,47,1,1
17837.0,42,8,0
17838.0,27,5,0
17839.0,42,1,1
17841.0,2,124,0
17843.0,303,1,1
17844.0,107,1,1
17846.0,85,1,1
17848.0,81,9,0
17849.0,218,4,1
17850.0,372,34,1
17852.0,12,2,1
17854.0,185,2,1
17855.0,373,1,1
17856.0,2,4,0
17857.0,4,23,0
17858.0,6,12,0
17859.0,305,1,1
17860.0,369,1,1
17861.0,3,8,0
17862.0,324,1,1
17863.0,59,6,0
17864.0,13,3,0
17865.0,31,20,0
17866.0,143,1,1
17867.0,30,6,0
17869.0,107,5,1
17870.0,2,12,0
17871.0,205,1,1
17873.0,80,5,0
17874.0,185,6,1
17877.0,170,1,1
17878.0,44,1,1
17879.0,174,1,1
17880.0,365,1,1
17881.0,304,1,1
17883.0,3,4,0
17884.0,4,4,0
17885.0,12,1,1
17886.0,32,3,0
17887.0,129,1,1
17888.0,21,8,0
17889.0,212,2,1
17890.0,323,2,1
17891.0,162,1,1
17892.0,56,3,0
17893.0,225,1,1
17894.0,72,8,0
17895.0,44,1,1
17896.0,23,1,1
17897.0,173,3,1
17898.0,85,2,1
17899.0,159,1,1
17900.0,190,2,1
17901.0,29,1,1
17904.0,21,1,1
17905.0,71,4,0
17906.0,247,1,1
17908.0,374,1,1
17911.0,9,1,1
17912.0,310,5,1
17913.0,59,2,1
17914.0,4,1,1
17917.0,45,3,0
17919.0,88,1,1
17920.0,4,17,0
17921.0,64,4,0
17923.0,282,1,1
17924.0,12,7,0
17925.0,373,1,1
17926.0,133,2,1
17928.0,45,2,1
17929.0,11,4,0
17930.0,36,5,0
17931.0,134,2,1
17932.0,29,3,0
17934.0,52,2,1
17935.0,138,2,1
17936.0,5,1,1
17937.0,9,7,0
17939.0,160,1,1
17940.0,49,10,0
17941.0,131,1,1
17942.0,8,1,1
17946.0,233,2,1
17947.0,37,1,1
17948.0,147,1,1
17949.0,1,45,0
17950.0,72,3,0
17951.0,40,3,0
17954.0,5,12,0
17955.0,199,4,1
17956.0,249,1,1
17957.0,66,1,1
17958.0,117,1,1
17960.0,171,1,1
17961.0,21,39,0
17962.0,142,1,1
17964.0,32,2,1
17965.0,38,14,0
17966.0,38,5,0
17967.0,372,1,1
17968.0,374,1,1
17969.0,166,2,1
17970.0,211,1,1
17972.0,242,1,1
17973.0,52,1,1
17974.0,25,3,0
17975.0,15,13,0
17976.0,372,1,1
17977.0,29,1,1
17978.0,365,1,1
17979.0,36,4,0
17980.0,166,3,1
17984.0,145,1,1
17985.0,22,1,1
17986.0,56,1,1
17987.0,185,1,1
17988.0,12,7,0
17990.0,237,3,1
17991.0,225,2,1
17994.0,122,4,1
17995.0,282,1,1
17997.0,74,8,0
17999.0,37,2,1
18001.0,12,2,1
18004.0,362,1,1
18005.0,4,2,1
18006.0,23,1,1
18008.0,70,9,0
18009.0,235,1,1
18010.0,257,1,1
18011.0,373,1,1
18013.0,155,2,1
18014.0,28,1,1
18015.0,4,1,1
18016.0,32,5,0
18017.0,81,3,0
18018.0,108,2,1
18019.0,52,1,1
18022.0,36,1,1
18024.0,153,2,1
18027.0,99,1,1
18030.0,4,2,1
18032.0,334,1,1
18033.0,65,1,1
18034.0,22,2,1
18035.0,36,3,0
18036.0,32,3,0
18037.0,154,6,1
18040.0,19,2,1
18041.0,12,21,0
18042.0,54,1,1
18043.0,25,3,0
18044.0,4,10,0
18045.0,45,1,1
18048.0,203,2,1
18050.0,359,1,1
18053.0,71,1,1
18055.0,7,10,0
18056.0,288,1,1
18058.0,10,1,1
18059.0,23,3,0
18061.0,22,10,0
18062.0,173,3,1
18064.0,133,2,1
18065.0,6,14,0
18066.0,75,1,1
18067.0,40,1,1
18068.0,289,1,1
18069.0,26,5,0
18071.0,258,2,1
18072.0,186,1,1
18073.0,114,12,1
18074.0,374,1,1
18075.0,23,10,0
18077.0,8,11,0
18078.0,217,2,1
18079.0,45,4,0
18080.0,19,2,1
18081.0,36,3,0
18082.0,26,1,1
18084.0,16,1,1
18085.0,330,2,1
18086.0,274,1,1
18087.0,98,2,1
18088.0,61,1,1
18092.0,2,11,0
18093.0,93,4,1
18094.0,82,7,0
18095.0,313,2,1
18096.0,12,3,0
18097.0,8,6,0
18099.0,127,1,1
18101.0,11,2,1
18102.0,1,60,0
18104.0,37,1,1
18105.0,38,1,1
18106.0,330,1,1
18108.0,254,1,1
18109.0,2,26,0
18110.0,20,1,1
18112.0,12,2,1
18113.0,369,1,1
18114.0,290,1,1
18116.0,68,8,0
18117.0,26,1,1
18118.0,11,26,0
18119.0,368,1,1
18120.0,214,1,1
18121.0,149,2,1
18122.0,8,6,0
18123.0,24,2,1
18125.0,30,4,0
18126.0,61,1,1
18127.0,19,3,0
18129.0,243,1,1
18130.0,15,3,0
18133.0,212,1,1
18135.0,29,5,0
18136.0,63,3,0
18138.0,295,1,1
18139.0,18,6,0
18142.0,157,2,1
18143.0,117,2,1
18144.0,8,12,0
18145.0,13,4,0
18146.0,141,2,1
18147.0,46,2,1
18149.0,51,3,0
18150.0,32,3,0
18151.0,135,2,1
18154.0,3,2,1
18155.0,75,3,0
18156.0,13,2,1
18158.0,9,2,1
18159.0,301,1,1
18160.0,57,2,1
18161.0,15,5,0
18164.0,37,1,1
18165.0,177,1,1
18167.0,23,3,0
18168.0,176,6,1
18169.0,61,1,1
18170.0,33,3,0
18171.0,59,5,0
18172.0,15,20,0
18173.0,87,4,0
18174.0,7,1,1
18176.0,358,1,1
18177.0,31,6,0
18178.0,129,4,1
18179.0,9,6,0
18180.0,5,6,0
18181.0,24,1,1
18183.0,227,2,1
18184.0,15,1,1
18185.0,249,1,1
18188.0,15,3,0
18189.0,78,2,1
18190.0,192,2,1
18191.0,262,1,1
18192.0,72,1,1
18193.0,165,1,1
18194.0,82,1,1
18196.0,95,2,1
18198.0,4,17,0
18200.0,106,1,1
18202.0,200,3,1
18203.0,157,1,1
18204.0,71,3,0
18205.0,36,2,1
18209.0,29,1,1
18210.0,2,6,0
18211.0,26,5,0
18212.0,326,1,1
18213.0,237,1,1
18215.0,89,1,1
18216.0,31,1,1
18217.0,29,2,1
18218.0,211,2,1
18219.0,3,10,0
18220.0,227,1,1
18221.0,22,5,0
18222.0,93,1,1
18223.0,5,14,0
18224.0,264,1,1
18225.0,3,12,0
18226.0,44,11,0
18227.0,218,1,1
18228.0,57,2,1
18229.0,12,20,0
18230.0,9,7,0
18231.0,192,5,1
18232.0,82,4,0
18233.0,326,1,1
18235.0,72,3,0
18236.0,30,6,0
18237.0,3,5,0
18239.0,219,5,1
18240.0,46,1,1
18241.0,10,17,0
18242.0,72,4,0
18245.0,7,7,0
18246.0,24,2,1
18248.0,123,2,1
18249.0,17,1,1
18250.0,310,1,1
18251.0,87,1,1
18252.0,51,2,1
18255.0,89,1,1
18257.0,39,8,0
18259.0,25,3,0
18260.0,173,6,1
18261.0,43,2,1
18262.0,140,1,1
18263.0,26,3,0
18265.0,72,2,1
18268.0,134,1,1
18269.0,366,1,1
18270.0,38,2,1
18272.0,3,6,0
18273.0,2,3,0
18274.0,30,1,1
18276.0,44,1,1
18277.0,58,1,1
18278.0,74,1,1
18280.0,278,1,1
18281.0,181,1,1
18282.0,8,2,1
18283.0,4,16,0
18287.0,43,3,0
